trade_id,symbol,direction,entry_date,exit_date,entry_price,exit_price,stop_loss,take_profit,result_r,profit_usd,win,confluence_score,quality_factors
1,AUD_CHF,bullish,2024-01-01 22:00:00+00:00,2024-01-02 22:00:00+00:00,0.57826576,0.5739044763204615,0.5746544763204615,0.580432530207723,-1.21,-434.77,0,15,0
2,GBP_USD,bullish,2024-01-01 22:00:00+00:00,2024-02-04 22:00:00+00:00,1.26974,1.2580220671611868,1.2573047019968104,1.277201178801914,-0.94,-339.23,0,15,0
3,USD_CAD,bullish,2024-01-01 22:00:00+00:00,2024-01-03 22:00:00+00:00,1.32324844,1.33599151272157,1.3140381514528532,1.328774613128288,1.38,498.08,1,15,0
4,EUR_USD,bullish,2024-01-01 22:00:00+00:00,2024-01-22 22:00:00+00:00,1.09648308,1.083362874361329,1.084112874361329,1.1039052033832026,-1.06,-381.83,0,15,0
5,NZD_CAD,bearish,2024-01-01 22:00:00+00:00,2024-01-07 22:00:00+00:00,0.83816638,0.8299726975445495,0.8442712826999662,0.8345034383800203,1.34,483.17,1,14,0
6,NAS100_USD,bullish,2024-01-02 00:00:00+00:00,2024-01-05 00:00:00+00:00,16752.9439296875,16426.886529742103,16427.636529742103,16948.128369654736,-1.0,-360.83,0,20,0
7,NAS100_USD,bullish,2024-01-02 00:00:00+00:00,2024-01-25 00:00:00+00:00,16650.591,17641.96994972787,16275.494988760729,16875.64860674356,2.64,951.48,1,20,0
8,AUD_CAD,bearish,2024-01-02 22:00:00+00:00,2024-01-18 22:00:00+00:00,0.89879,0.8853873962061224,0.9084504804053772,0.8929937117567737,1.39,499.45,1,15,0
9,NZD_USD,bullish,2024-01-02 22:00:00+00:00,2024-01-15 22:00:00+00:00,0.62343006,0.6132830141544849,0.614033014154485,0.629068287507309,-1.08,-388.73,0,15,0
10,GBP_NZD,bullish,2024-01-02 22:00:00+00:00,2024-01-04 22:00:00+00:00,2.0169395,2.0406910740417765,2.0002148760806984,2.0269742743515806,1.42,511.26,1,15,0
11,GBP_AUD,bullish,2024-01-02 22:00:00+00:00,2024-01-11 22:00:00+00:00,1.87058702,1.906212685452898,1.8534690597868717,1.8808577961278772,2.08,749.23,1,15,0
12,EUR_GBP,bearish,2024-01-02 22:00:00+00:00,2024-01-17 22:00:00+00:00,0.86642936,0.8574631103502073,0.8730616123206777,0.8624500086075935,1.35,486.69,1,15,0
13,USD_JPY,bearish,2024-01-02 22:00:00+00:00,2024-01-03 22:00:00+00:00,142.914976,144.66407896666286,144.58907896666287,141.91051422000228,-1.04,-376.13,0,15,0
14,BTC_USD,bullish,2024-01-03 00:00:00+00:00,2024-01-05 00:00:00+00:00,42099.40234375,45216.917405770124,39966.28626045981,43379.27199372411,1.46,526.13,1,20,0
15,BTC_USD,bullish,2024-01-03 00:00:00+00:00,2024-01-09 00:00:00+00:00,42156.90234375,46781.26681529805,39977.201415962685,43464.72290042239,2.12,763.76,1,20,0
16,BTC_USD,bullish,2024-01-03 00:00:00+00:00,2024-01-09 00:00:00+00:00,42265.1875,47088.089086582564,39992.057341608204,43629.06559503508,2.12,763.81,1,20,0
17,XAU_USD,bullish,2024-01-03 00:00:00+00:00,2024-01-17 00:00:00+00:00,2034.8520222167967,2012.5602079748533,2009.66289042321,2049.965501292949,-0.88,-318.59,0,20,0
18,ETH_USD,bullish,2024-01-03 00:00:00+00:00,2024-01-12 00:00:00+00:00,2254.2126884765626,2708.9094710278778,2082.2762867558386,2357.374529508997,2.64,952.04,1,15,0
19,EUR_AUD,bullish,2024-01-03 22:00:00+00:00,2024-01-11 22:00:00+00:00,1.62351632,1.645441784095614,1.6080381875115264,1.6328031994930843,1.42,509.96,1,15,0
20,AUD_CAD,bullish,2024-01-03 22:00:00+00:00,2024-01-15 22:00:00+00:00,0.89488452,0.8875571983100655,0.8883071983100655,0.8988309130139606,-1.11,-401.05,0,15,0
21,GBP_JPY,bullish,2024-01-03 22:00:00+00:00,2024-01-17 22:00:00+00:00,182.284532,189.3329445361341,177.4221343644136,185.20197058135184,1.45,521.85,1,20,0
22,GBP_NZD,bullish,2024-01-03 22:00:00+00:00,2024-01-07 22:00:00+00:00,2.0194989,2.0425847496645617,2.0032286954508107,2.0292610227295134,1.42,510.81,1,15,0
23,GBP_CAD,bullish,2024-01-03 22:00:00+00:00,2024-03-05 22:00:00+00:00,1.69573132,1.731857900220599,1.670559592886963,1.710834356267822,1.44,516.67,1,15,0
24,XAU_USD,bullish,2024-01-04 00:00:00+00:00,2024-01-17 00:00:00+00:00,2044.3255476074216,2009.5583982501237,2009.6333982501237,2065.1408372218,-1.0,-360.78,0,20,0
25,GBP_NZD,bullish,2024-01-04 22:00:00+00:00,2024-01-22 22:00:00+00:00,2.04042942,2.100430956029315,1.998960794724017,2.06531059516559,1.45,520.89,1,15,0
26,GBP_AUD,bearish,2024-01-04 22:00:00+00:00,2024-01-16 22:00:00+00:00,1.8966937199999998,1.9238848292813062,1.9231348292813062,1.880829054431216,-1.03,-370.21,0,15,0
27,EUR_GBP,bullish,2024-01-04 22:00:00+00:00,2024-01-22 22:00:00+00:00,0.86091054,0.8540918296495564,0.8548418296495565,0.8645517662102661,-1.12,-404.49,0,15,0
28,AUD_USD,bullish,2024-01-04 22:00:00+00:00,2024-01-31 22:00:00+00:00,0.6658415599999999,0.6503446137543865,0.6510946137543865,0.674689727747368,-1.05,-378.31,0,15,0
29,NZD_CAD,bullish,2024-01-04 22:00:00+00:00,2024-01-14 22:00:00+00:00,0.82872252,0.8393621346666762,0.8209480389988558,0.8333872086006865,1.37,492.67,1,15,0
30,GBP_CAD,bearish,2024-01-04 22:00:00+00:00,2024-01-23 22:00:00+00:00,1.69916826,1.7179649396103862,1.7172149396103862,1.6883402522337683,-1.04,-374.96,0,14,0
31,BTC_USD,bullish,2024-01-05 00:00:00+00:00,2024-01-09 00:00:00+00:00,42884.62475,47140.47646183103,39974.487062743334,44630.707362354005,1.46,526.47,1,20,0
32,NAS100_USD,bullish,2024-01-08 00:00:00+00:00,2024-01-22 00:00:00+00:00,16720.0,17501.78874768574,16424.144140761535,16897.51351554308,2.64,951.29,1,20,0
33,NAS100_USD,bullish,2024-01-08 00:00:00+00:00,2024-01-23 00:00:00+00:00,16752.9439296875,17601.13385889894,16431.983653993193,16945.520095104082,2.64,951.36,1,20,0
34,BTC_USD,bullish,2024-01-12 00:00:00+00:00,2024-01-14 00:00:00+00:00,44422.905125,41978.639613540705,41986.139613540705,45884.964431875575,-1.0,-361.11,0,20,0
35,BTC_USD,bullish,2024-01-12 00:00:00+00:00,2024-01-18 00:00:00+00:00,43186.6479765625,41308.75026289961,41316.25026289961,44308.88660476023,-1.0,-361.44,0,20,0
36,EUR_NZD,bullish,2024-01-14 22:00:00+00:00,2024-01-16 22:00:00+00:00,1.757348,1.7732833924130535,1.7459586536429668,1.7641816078142198,1.4,503.69,1,15,0
37,AUD_CHF,bearish,2024-01-15 22:00:00+00:00,2024-01-17 22:00:00+00:00,0.5698156,0.5646093900226347,0.5738812723394985,0.5673761965963009,1.28,460.99,1,15,0
38,AUD_CAD,bearish,2024-01-15 22:00:00+00:00,2024-01-18 22:00:00+00:00,0.89443314,0.8854289554531214,0.9010912864483812,0.8904382521309712,1.35,486.85,1,14,0
39,USD_CHF,bearish,2024-01-15 22:00:00+00:00,2024-02-06 22:00:00+00:00,0.86039962,0.875639913500071,0.874889913500071,0.8517054438999575,-1.05,-378.63,0,15,0
40,GBP_CHF,bearish,2024-01-16 22:00:00+00:00,2024-02-12 22:00:00+00:00,1.0960249,1.1129226241134504,1.1121726241134504,1.0863362655319297,-1.05,-376.72,0,15,0
41,XAG_USD,bullish,2024-01-17 00:00:00+00:00,2024-01-22 00:00:00+00:00,22.77575065612793,22.311243718060116,22.318743718060116,23.04995481896862,-1.02,-365.91,0,14,0
42,SPX500_USD,bullish,2024-01-17 00:00:00+00:00,2024-01-25 00:00:00+00:00,4768.029,4917.421891124555,4711.264201843269,4802.087878894039,2.63,947.44,1,15,0
43,AUD_CHF,bearish,2024-01-17 22:00:00+00:00,2024-01-21 22:00:00+00:00,0.56925696,0.5746268957438201,0.5738768957438201,0.566484998553708,-1.16,-418.44,0,15,0
44,EUR_GBP,bearish,2024-01-17 22:00:00+00:00,2024-01-25 22:00:00+00:00,0.8587101,0.8525608794190027,0.8634194655842985,0.8558844806494209,1.31,470.07,1,15,0
45,CAD_CHF,bearish,2024-01-18 22:00:00+00:00,2024-02-12 22:00:00+00:00,0.64574634,0.6525990971823393,0.6526655658303167,0.64159480450181,-0.99,-356.54,0,15,0
46,NZD_CAD,bullish,2024-01-18 22:00:00+00:00,2024-03-31 21:00:00+00:00,0.82234402,0.8087917163652654,0.8078289365139063,0.8310530700916562,-0.93,-336.12,0,14,0
47,EUR_CHF,bearish,2024-01-18 22:00:00+00:00,2024-01-29 22:00:00+00:00,0.94639436,0.9325978627798761,0.9563237096383098,0.9404367502170141,1.39,500.21,1,15,0
48,ETH_USD,bullish,2024-01-22 00:00:00+00:00,2024-02-16 00:00:00+00:00,2352.4704975585937,2879.583749328849,2153.1554685339224,2472.0595149733963,2.64,952.06,1,15,0
49,AUD_CHF,bullish,2024-01-23 22:00:00+00:00,2024-01-31 22:00:00+00:00,0.56877716,0.5614381460168082,0.5621881460168082,0.5727305683899151,-1.11,-400.98,0,15,0
50,AUD_CHF,bearish,2024-01-23 22:00:00+00:00,2024-02-15 22:00:00+00:00,0.56925696,0.575671457692234,0.5756792929843924,0.5654035602093647,-1.0,-359.56,0,15,0
51,AUD_CAD,bullish,2024-01-23 22:00:00+00:00,2024-01-31 22:00:00+00:00,0.88942,0.8778765974462935,0.8786265974462936,0.8958960415322238,-1.07,-385.02,0,15,0
52,CAD_JPY,bullish,2024-01-23 22:00:00+00:00,2024-02-11 22:00:00+00:00,109.083,111.43414418037648,107.42692888711503,110.07664266773098,1.42,511.1,1,15,0
53,GBP_CAD,bullish,2024-01-23 22:00:00+00:00,2024-01-29 22:00:00+00:00,1.7107684,1.7001315591809827,1.6995588299104112,1.7174941420537535,-0.95,-341.61,0,15,0
54,XAG_USD,bullish,2024-01-24 00:00:00+00:00,2024-03-05 00:00:00+00:00,22.7549991607666,24.029469362831318,21.879934176422086,23.28003815137331,1.46,524.31,1,14,0
55,XAG_USD,bullish,2024-01-25 00:00:00+00:00,2024-03-05 00:00:00+00:00,22.808000564575195,24.148181623990386,21.888081752687693,23.359951851707695,1.46,524.46,1,14,0
56,NZD_CHF,bearish,2024-01-25 22:00:00+00:00,2024-02-06 22:00:00+00:00,0.52933538,0.5334302521836325,0.5331277520902863,0.5270599567458283,-1.08,-388.72,0,15,0
57,CHF_JPY,bullish,2024-01-25 22:00:00+00:00,2024-03-05 22:00:00+00:00,170.767906,169.31982199257695,169.21112141108497,171.70197675334904,-0.93,-334.86,0,15,0
58,XAG_USD,bullish,2024-01-26 00:00:00+00:00,2024-01-31 00:00:00+00:00,22.7549991607666,23.329644741266577,22.35763016383829,22.99342055892359,1.45,520.61,1,14,0
59,EUR_AUD,bullish,2024-01-28 22:00:00+00:00,2024-02-27 22:00:00+00:00,1.64162312,1.666525551312351,1.6241129279779174,1.6521292352132495,1.42,511.98,1,15,0
60,NZD_CHF,bearish,2024-01-28 22:00:00+00:00,2024-02-06 22:00:00+00:00,0.52826,0.5331708962024307,0.532977569390511,0.5254294583656933,-1.04,-374.75,0,15,0
61,NZD_CHF,bearish,2024-01-29 22:00:00+00:00,2024-02-06 22:00:00+00:00,0.52871,0.5331743793308285,0.5329213144340459,0.5261832113395725,-1.06,-381.63,0,15,0
62,USD_CAD,bullish,2024-01-29 22:00:00+00:00,2024-02-05 22:00:00+00:00,1.34072178,1.353725217707465,1.331333767912993,1.346354587252204,1.39,498.64,1,14,0
63,EUR_JPY,bullish,2024-01-29 22:00:00+00:00,2024-02-15 22:00:00+00:00,159.253144,162.09940627112562,157.25910832005076,160.44956540796954,1.43,513.86,1,15,0
64,CHF_JPY,bullish,2024-01-29 22:00:00+00:00,2024-02-06 22:00:00+00:00,170.767906,169.3575270245789,169.4325270245789,171.56913338525268,-1.06,-380.22,0,15,0
65,XAU_USD,bullish,2024-01-30 00:00:00+00:00,2024-02-13 00:00:00+00:00,2044.3255476074216,2009.749897000503,2009.8248970005031,2065.0259379715726,-1.0,-360.78,0,20,0
66,AUD_CAD,bearish,2024-01-30 22:00:00+00:00,2024-02-01 22:00:00+00:00,0.88524258,0.8759895271419,0.889949898992047,0.8824181886047718,1.97,707.64,1,15,0
67,GBP_JPY,bullish,2024-01-31 22:00:00+00:00,2024-02-11 22:00:00+00:00,185.367614,189.01695405589072,182.82540235775377,186.89294098534774,1.44,516.78,1,20,0
68,CAD_JPY,bullish,2024-01-31 22:00:00+00:00,2024-02-19 22:00:00+00:00,108.83117,111.7134906296674,107.43948970368592,109.66617817778845,2.07,745.6,1,15,0
69,EUR_USD,bullish,2024-01-31 22:00:00+00:00,2024-04-11 21:00:00+00:00,1.0872,1.0681775134701934,1.0689275134701934,1.0981634919178838,-1.04,-374.78,0,15,0
70,XAG_USD,bullish,2024-02-01 00:00:00+00:00,2024-02-13 00:00:00+00:00,22.64112796020508,22.201661319088345,22.151369863700847,22.934982818107617,-0.9,-323.03,0,15,0
71,NZD_USD,bearish,2024-02-01 22:00:00+00:00,2024-02-20 22:00:00+00:00,0.61136546,0.6194640035295544,0.6196971420062976,0.6063664507962215,-0.97,-349.93,0,15,0
72,EUR_USD,bullish,2024-02-01 22:00:00+00:00,2024-04-11 21:00:00+00:00,1.08825738,1.0680051910794655,1.0687551910794655,1.0999586933523207,-1.04,-373.84,0,15,0
73,NZD_CAD,bearish,2024-02-01 22:00:00+00:00,2024-02-18 22:00:00+00:00,0.8207743200000001,0.828255563811356,0.8284061157044852,0.816195242577309,-0.98,-352.9,0,15,0
74,USD_JPY,bullish,2024-02-01 22:00:00+00:00,2024-02-08 22:00:00+00:00,147.157742,149.5686450708912,145.4608798355692,148.1758592986585,1.42,511.49,1,15,0
75,NZD_USD,bearish,2024-02-05 22:00:00+00:00,2024-02-19 22:00:00+00:00,0.60972,0.6190753316278791,0.6183253316278791,0.6045568010232726,-1.09,-391.38,0,15,0
76,GBP_AUD,bullish,2024-02-05 22:00:00+00:00,2024-02-08 22:00:00+00:00,1.9261709999999999,1.945709824954677,1.9123219727271827,1.9344804163636902,1.41,507.9,1,15,0
77,AUD_CHF,bearish,2024-02-06 22:00:00+00:00,2024-02-13 22:00:00+00:00,0.56997038,0.5748316357408013,0.5746316676879833,0.56717360738721,-1.04,-375.44,0,15,0
78,USD_CAD,bearish,2024-02-06 22:00:00+00:00,2024-02-12 22:00:00+00:00,1.3466995800000001,1.354278168675278,1.3544417440309275,1.3420542815814436,-0.98,-352.39,0,14,0
79,USD_CAD,bullish,2024-02-06 22:00:00+00:00,2024-03-19 21:00:00+00:00,1.34622,1.3637232936216102,1.3337604139101638,1.3536957516539017,1.4,505.73,1,14,0
80,NZD_USD,bearish,2024-02-06 22:00:00+00:00,2024-02-20 22:00:00+00:00,0.61098728,0.6193832703431578,0.619656203291562,0.6057859260250629,-0.97,-348.67,0,15,0
81,EUR_CHF,bearish,2024-02-06 22:00:00+00:00,2024-02-12 22:00:00+00:00,0.94192796,0.9505683258704266,0.9498183258704266,0.9371937404777441,-1.1,-394.22,0,15,0
82,BTC_USD,bullish,2024-02-07 00:00:00+00:00,2024-02-10 00:00:00+00:00,43245.611234375,47223.045807008624,41739.01971353053,44149.56614688168,2.64,950.41,1,20,0
83,GBP_USD,bullish,2024-02-07 22:00:00+00:00,2024-03-11 21:00:00+00:00,1.26184,1.2821024998874369,1.2474969966638658,1.2704458020016807,1.41,508.58,1,15,0
84,CHF_JPY,bullish,2024-02-07 22:00:00+00:00,2024-02-12 22:00:00+00:00,170.681,169.60480515351668,169.67980515351667,171.28171690789003,-1.07,-386.97,0,15,0
85,CHF_JPY,bullish,2024-02-07 22:00:00+00:00,2024-03-05 22:00:00+00:00,170.776,169.1001206977319,169.1751206977319,171.7365275813609,-1.05,-376.87,0,15,0
86,GBP_NZD,bullish,2024-02-08 22:00:00+00:00,2024-03-17 21:00:00+00:00,2.0617242,2.0978665153196676,2.036541732205005,2.076833680676997,1.44,516.68,1,15,0
87,GBP_NZD,bearish,2024-02-08 22:00:00+00:00,2024-03-18 21:00:00+00:00,2.06074818,2.10238267723821,2.10163267723821,2.036217481657074,-1.02,-366.6,0,15,0
88,USD_CAD,bullish,2024-02-12 22:00:00+00:00,2024-02-28 22:00:00+00:00,1.34455448,1.359765592484811,1.3336595226724839,1.3510914543965096,1.4,502.62,1,14,0
89,USD_CAD,bullish,2024-02-12 22:00:00+00:00,2024-02-28 22:00:00+00:00,1.3459,1.3609388568822263,1.3351226232885829,1.3523664260268504,1.4,502.35,1,14,0
90,GBP_AUD,bullish,2024-02-12 22:00:00+00:00,2024-03-05 22:00:00+00:00,1.93338744,1.9575510095336226,1.9163815904889947,1.943590949706603,1.42,511.52,1,15,0
91,CHF_JPY,bullish,2024-02-12 22:00:00+00:00,2024-03-05 22:00:00+00:00,170.767906,169.10712636217963,169.18212636217962,171.71937378269226,-1.05,-377.03,0,15,0
92,EUR_USD,bearish,2024-02-12 22:00:00+00:00,2024-02-19 22:00:00+00:00,1.07568006,1.0830303961990073,1.0831634343752916,1.0711900353748252,-0.98,-353.6,0,15,0
93,AUD_USD,bearish,2024-02-12 22:00:00+00:00,2024-03-06 22:00:00+00:00,0.65270802,0.6599872317460787,0.6601107544059849,0.6482663793564092,-0.98,-353.99,0,15,0
94,GBP_CAD,bullish,2024-02-12 22:00:00+00:00,2024-03-11 21:00:00+00:00,1.7107684,1.7392527965652513,1.6908131805015352,1.722741531699079,1.43,513.87,1,15,0
95,XAU_USD,bullish,2024-02-13 00:00:00+00:00,2024-03-07 00:00:00+00:00,2017.8986186523437,2157.245472282937,1965.1871427995675,2049.5255041640094,2.64,951.69,1,20,0
96,NAS100_USD,bullish,2024-02-13 00:00:00+00:00,2024-02-23 00:00:00+00:00,17546.704,18166.68784973553,17122.994887552544,17800.929467468475,1.46,526.76,1,20,0
97,SPX500_USD,bullish,2024-02-13 00:00:00+00:00,2024-02-16 00:00:00+00:00,4936.777,5067.0464478717195,4847.343929780396,4990.436842131762,1.46,524.38,1,15,0
98,GBP_AUD,bullish,2024-02-13 22:00:00+00:00,2024-04-03 21:00:00+00:00,1.93574,1.9177148126104866,1.9161536197397808,1.9474918281561315,-0.92,-331.31,0,15,0
99,EUR_GBP,bearish,2024-02-13 22:00:00+00:00,2024-03-21 21:00:00+00:00,0.85442172,0.8587153665515281,0.8584394598543403,0.8520110760873959,-1.07,-384.72,0,15,0
100,EUR_GBP,bearish,2024-02-13 22:00:00+00:00,2024-03-21 21:00:00+00:00,0.85378,0.8587026776207047,0.8585109270076018,0.8509414437954389,-1.04,-374.59,0,15,0
101,AUD_CAD,bearish,2024-02-14 22:00:00+00:00,2024-03-06 22:00:00+00:00,0.88204974,0.8896889214898499,0.8898606033671768,0.877363221979694,-0.98,-352.09,0,15,0
102,GBP_AUD,bullish,2024-02-14 22:00:00+00:00,2024-02-27 22:00:00+00:00,1.9261709999999999,1.9454414270723077,1.9125051794728274,1.9343704923163034,1.41,507.64,1,15,0
103,EUR_GBP,bearish,2024-02-14 22:00:00+00:00,2024-03-10 21:00:00+00:00,0.85498,0.8505415925100159,0.8585215750784874,0.8528550549529075,1.25,451.16,1,15,0
104,AUD_USD,bearish,2024-02-14 22:00:00+00:00,2024-03-06 22:00:00+00:00,0.65270802,0.6599613542185017,0.6600814148055574,0.6482839831166657,-0.98,-354.14,0,15,0
105,AUD_USD,bullish,2024-02-14 22:00:00+00:00,2024-03-10 21:00:00+00:00,0.65251,0.6671151582841053,0.6420286632873002,0.6587988020276199,1.39,501.64,1,15,0
106,XAG_USD,bearish,2024-02-15 00:00:00+00:00,2024-02-16 00:00:00+00:00,22.8045354347229,23.304477242007227,23.296977242007227,22.509070350352307,-1.02,-365.48,0,15,0
107,EUR_USD,bullish,2024-02-19 22:00:00+00:00,2024-03-10 21:00:00+00:00,1.08028054,1.0989937096704416,1.0669950999519169,1.0882518040288498,1.41,507.08,1,15,0
108,SPX500_USD,bullish,2024-02-22 00:00:00+00:00,2024-02-26 00:00:00+00:00,5019.573,5130.0302504538895,4943.663614024649,5065.118631585211,1.46,523.84,1,15,0
109,XAU_USD,bullish,2024-02-23 00:00:00+00:00,2024-03-07 00:00:00+00:00,2034.955403564453,2156.1513383473516,1989.1062788828278,2062.4648783734283,2.64,951.61,1,20,0
110,BTC_USD,bullish,2024-02-26 00:00:00+00:00,2024-02-28 00:00:00+00:00,52179.9023125,59098.1627051253,49942.17682215257,53522.53760670846,3.09,1112.99,1,20,0
111,EUR_AUD,bullish,2024-02-27 22:00:00+00:00,2024-04-03 21:00:00+00:00,1.65736476,1.6433030858835544,1.6422721589609461,1.6664203206234325,-0.93,-335.41,0,15,0
112,NZD_JPY,bullish,2024-02-27 22:00:00+00:00,2024-02-28 22:00:00+00:00,92.096812,91.01196233421079,91.0869623342108,92.70272179947352,-1.07,-386.74,0,15,0
113,NZD_JPY,bullish,2024-02-27 22:00:00+00:00,2024-03-07 22:00:00+00:00,91.77923,90.73084405222701,90.80584405222702,92.36326156866379,-1.08,-387.74,0,15,0
114,NZD_CHF,bullish,2024-02-27 22:00:00+00:00,2024-03-21 21:00:00+00:00,0.5367943599999999,0.5448612274966264,0.530776020411859,0.5404053637528845,1.34,482.54,1,15,0
115,AUD_CHF,bullish,2024-02-27 22:00:00+00:00,2024-03-03 22:00:00+00:00,0.57114044,0.578807333134858,0.5653951204540218,0.5745876317275869,1.33,480.41,1,14,0
116,NZD_USD,bullish,2024-02-27 22:00:00+00:00,2024-03-10 21:00:00+00:00,0.6099201,0.6188449885410207,0.6033160805180746,0.6138825116891552,1.35,486.52,1,15,0
117,CAD_JPY,bullish,2024-02-27 22:00:00+00:00,2024-02-28 22:00:00+00:00,110.98870600000001,110.16551046326593,110.24051046326593,111.43762332204045,-1.1,-396.09,0,15,0
118,NZD_CAD,bullish,2024-02-27 22:00:00+00:00,2024-03-19 21:00:00+00:00,0.82651008,0.8194678185619764,0.8193759967369346,0.8307905299578393,-0.99,-355.37,0,15,0
119,AUD_NZD,bearish,2024-02-27 22:00:00+00:00,2024-03-06 22:00:00+00:00,1.06651618,1.0732262879295715,1.0724762879295715,1.062940115242257,-1.13,-405.3,0,15,0
120,AUD_NZD,bearish,2024-02-27 22:00:00+00:00,2024-03-06 22:00:00+00:00,1.0658324000000001,1.073220838791745,1.072470838791745,1.0618493367249533,-1.11,-400.67,0,15,0
121,XAG_USD,bullish,2024-02-28 00:00:00+00:00,2024-03-05 00:00:00+00:00,22.35147373199463,23.737497827178448,21.824621522095267,22.66758505793425,2.63,947.08,1,15,0
122,GBP_JPY,bullish,2024-02-28 22:00:00+00:00,2024-03-04 22:00:00+00:00,189.367214,191.22548415765922,188.0475756671268,190.1589969997239,1.41,506.94,1,20,0
123,GBP_JPY,bullish,2024-02-28 22:00:00+00:00,2024-03-06 22:00:00+00:00,189.748824,188.40607852684994,188.31147085583893,190.61123588649667,-0.93,-336.3,0,20,0
124,USD_CHF,bullish,2024-02-28 22:00:00+00:00,2024-03-03 22:00:00+00:00,0.88176922,0.8890537317901384,0.8762849116108271,0.8850598050335038,1.33,478.17,1,15,0
125,EUR_JPY,bullish,2024-02-28 22:00:00+00:00,2024-03-06 22:00:00+00:00,162.218536,161.0160313665959,160.94018607550555,162.98554595469668,-0.94,-338.64,0,15,0
126,CAD_CHF,bearish,2024-02-28 22:00:00+00:00,2024-03-17 21:00:00+00:00,0.65156746,0.6566477843751559,0.6558977843751559,0.6489692653749064,-1.17,-422.35,0,15,0
127,CAD_CHF,bearish,2024-02-28 22:00:00+00:00,2024-03-17 21:00:00+00:00,0.65148,0.6567261569197876,0.6559761569197876,0.6487823058481273,-1.17,-420.05,0,14,0
128,CAD_CHF,bearish,2024-02-28 22:00:00+00:00,2024-03-19 21:00:00+00:00,0.64701266,0.6583725487427844,0.6576225487427844,0.6406467267543294,-1.07,-385.45,0,14,0
129,USD_CHF,bullish,2024-02-29 22:00:00+00:00,2024-03-07 22:00:00+00:00,0.88332,0.8755122750671965,0.8762622750671966,0.887554634959682,-1.11,-398.26,0,15,0
130,AUD_CHF,bearish,2024-03-03 22:00:00+00:00,2024-03-06 22:00:00+00:00,0.57547646,0.5814674880425788,0.5807174880425787,0.5723318431744527,-1.14,-411.52,0,15,0
131,AUD_CHF,bearish,2024-03-03 22:00:00+00:00,2024-03-06 22:00:00+00:00,0.57478,0.5808606557637075,0.5801106557637075,0.5715816065417755,-1.14,-410.65,0,14,0
132,USD_CHF,bullish,2024-03-03 22:00:00+00:00,2024-03-07 22:00:00+00:00,0.88176922,0.875669543240034,0.8757038268481111,0.8854084558911334,-1.01,-362.03,0,14,0
133,CAD_JPY,bullish,2024-03-03 22:00:00+00:00,2024-03-04 22:00:00+00:00,110.98870600000001,110.18582160633937,110.26082160633938,111.42543663619638,-1.1,-397.09,0,15,0
134,AUD_CHF,bearish,2024-03-04 22:00:00+00:00,2024-03-06 22:00:00+00:00,0.57462,0.5808156817466711,0.5800656817466711,0.5713525909519974,-1.14,-409.58,0,15,0
135,CAD_JPY,bullish,2024-03-04 22:00:00+00:00,2024-03-06 22:00:00+00:00,110.892,109.82048529568219,109.89548529568219,111.48990882259068,-1.08,-387.09,0,14,0
136,USD_JPY,bearish,2024-03-04 22:00:00+00:00,2024-03-06 22:00:00+00:00,150.431578,148.27894328928673,151.1513307336715,149.9997263597971,2.99,1076.69,1,15,0
137,NAS100_USD,bullish,2024-03-05 00:00:00+00:00,2024-03-11 00:00:00+00:00,17842.923,18481.274158416632,17406.676475483524,18104.670914709885,1.46,526.78,1,20,0
138,GBP_JPY,bullish,2024-03-05 22:00:00+00:00,2024-03-06 22:00:00+00:00,189.962,188.2332669880679,188.30826698806788,190.95423980715924,-1.05,-376.33,0,20,0
139,USD_CAD,bullish,2024-03-05 22:00:00+00:00,2024-03-07 22:00:00+00:00,1.3518842800000002,1.342889254419132,1.343639254419132,1.356831295348521,-1.09,-392.75,0,15,0
140,USD_CHF,bullish,2024-03-05 22:00:00+00:00,2024-03-07 22:00:00+00:00,0.88176922,0.874996839216103,0.8757468392161031,0.8853826484703382,-1.12,-404.83,0,14,0
141,GBP_AUD,bullish,2024-03-05 22:00:00+00:00,2024-04-03 21:00:00+00:00,1.93841024,1.9246824837240855,1.923696230616877,1.9472386456298738,-0.93,-335.87,0,15,0
142,GBP_AUD,bullish,2024-03-05 22:00:00+00:00,2024-04-03 21:00:00+00:00,1.93953,1.9246101028752223,1.9234643570013858,1.9491693857991685,-0.93,-334.33,0,15,0
143,EUR_AUD,bullish,2024-03-06 22:00:00+00:00,2024-03-07 22:00:00+00:00,1.65736476,1.6450030416510983,1.6457530416510984,1.6643317910093411,-1.06,-383.25,0,15,0
144,GBP_JPY,bullish,2024-03-06 22:00:00+00:00,2024-03-10 21:00:00+00:00,189.748824,188.2332875256116,188.30828752561158,190.61314588463307,-1.05,-378.74,0,20,0
145,EUR_JPY,bullish,2024-03-06 22:00:00+00:00,2024-03-07 22:00:00+00:00,162.075,160.85467212386504,160.92967212386503,162.76219672568095,-1.07,-383.57,0,15,0
146,EUR_JPY,bullish,2024-03-06 22:00:00+00:00,2024-03-07 22:00:00+00:00,162.218536,160.8527312578747,160.92773125787468,162.9930188452752,-1.06,-380.92,0,15,0
147,USD_JPY,bullish,2024-03-06 22:00:00+00:00,2024-03-20 21:00:00+00:00,148.079126,151.13304349675016,145.9433461387371,149.36059391675775,1.43,514.76,1,15,0
148,SPX500_USD,bullish,2024-03-07 00:00:00+00:00,2024-03-19 00:00:00+00:00,5124.5155,5244.61454331889,5042.024685447857,5174.009988731286,1.46,524.13,1,15,0
149,EUR_JPY,bullish,2024-03-07 22:00:00+00:00,2024-03-10 21:00:00+00:00,162.074,160.81307373115783,160.88807373115782,162.78555576130532,-1.06,-382.77,0,15,0
150,GBP_CAD,bullish,2024-03-07 22:00:00+00:00,2024-03-21 21:00:00+00:00,1.72185922,1.7108736047920237,1.710254214095265,1.728822223542841,-0.95,-340.79,0,15,0
151,SPX500_USD,bullish,2024-03-08 00:00:00+00:00,2024-03-19 00:00:00+00:00,5129.0,5256.456240403254,5041.487207915868,5181.507675250479,1.46,524.31,1,15,0
152,NZD_USD,bearish,2024-03-10 21:00:00+00:00,2024-03-17 21:00:00+00:00,0.61605708,0.6077806821375096,0.6222184437286625,0.6123602617628026,1.34,483.58,1,14,0
153,SPX500_USD,bullish,2024-03-11 00:00:00+00:00,2024-03-19 00:00:00+00:00,5123.0,5244.599348666012,5065.423835921877,5157.545698446874,2.11,760.31,1,15,0
154,ETH_USD,bullish,2024-03-11 00:00:00+00:00,2024-03-17 00:00:00+00:00,3749.795960449219,3496.2760376900787,3462.4434403141395,3922.2074725302664,-0.88,-317.61,0,15,0
155,USD_CAD,bullish,2024-03-11 21:00:00+00:00,2024-03-19 21:00:00+00:00,1.3518842800000002,1.360845205925285,1.345255661620966,1.3558614510274205,1.35,486.67,1,15,0
156,USD_CAD,bullish,2024-03-11 21:00:00+00:00,2024-03-19 21:00:00+00:00,1.35133,1.3596961088877642,1.3451074000766114,1.355063559954033,1.34,484.01,1,14,0
157,EUR_GBP,bearish,2024-03-11 21:00:00+00:00,2024-03-20 21:00:00+00:00,0.85436148,0.8587559559508771,0.858005955950877,0.8521747944294737,-1.21,-434.08,0,15,0
158,GBP_CAD,bullish,2024-03-12 21:00:00+00:00,2024-03-21 21:00:00+00:00,1.72381,1.7096656462708808,1.7104156462708808,1.7318466122374716,-1.06,-380.16,0,15,0
159,USD_CHF,bearish,2024-03-13 21:00:00+00:00,2024-03-17 21:00:00+00:00,0.8821805,0.8884564714480654,0.8877064714480654,0.8788649171311609,-1.14,-408.86,0,15,0
160,USD_CHF,bullish,2024-03-13 21:00:00+00:00,2024-03-19 21:00:00+00:00,0.88176922,0.8876244666653674,0.8772605192045274,0.8844744404772836,1.3,467.52,1,14,0
161,GBP_CAD,bullish,2024-03-13 21:00:00+00:00,2024-03-21 21:00:00+00:00,1.72185922,1.710847194304022,1.7102242702313175,1.7288401898612096,-0.95,-340.73,0,15,0
162,ETH_USD,bullish,2024-03-14 00:00:00+00:00,2024-03-17 00:00:00+00:00,3749.795960449219,3493.845956785249,3459.6882465444914,3923.8605887920553,-0.88,-317.61,0,15,0
163,EUR_AUD,bullish,2024-03-14 21:00:00+00:00,2024-04-08 21:00:00+00:00,1.65736476,1.6413965453989718,1.6401105484342084,1.6677172869394752,-0.93,-333.17,0,15,0
164,AUD_CAD,bullish,2024-03-14 21:00:00+00:00,2024-04-09 21:00:00+00:00,0.88766102,0.8999947700550104,0.8787301325904366,0.893019552445738,1.38,497.17,1,14,0
165,GBP_JPY,bullish,2024-03-14 21:00:00+00:00,2024-03-19 21:00:00+00:00,189.748824,192.55623408455082,187.78130858392439,190.9293332496454,1.43,513.68,1,20,0
166,EUR_JPY,bullish,2024-03-14 21:00:00+00:00,2024-03-20 21:00:00+00:00,162.218536,165.19956128514852,160.1325119145744,163.47015045125536,1.43,514.46,1,15,0
167,BTC_USD,bullish,2024-03-15 00:00:00+00:00,2024-03-19 00:00:00+00:00,66964.9315703125,62832.931357677815,62288.627474354806,69770.71402788712,-0.88,-318.1,0,20,0
168,BTC_USD,bullish,2024-03-15 00:00:00+00:00,2024-03-19 00:00:00+00:00,67331.4963828125,62267.90053114011,62275.40053114011,70365.15389381594,-1.0,-360.53,0,20,0
169,NAS100_USD,bullish,2024-03-15 00:00:00+00:00,2024-03-19 00:00:00+00:00,17842.923,18494.92718871582,17397.35700087657,18110.262599474056,1.46,526.79,1,20,0
170,USD_CHF,bearish,2024-03-17 21:00:00+00:00,2024-03-18 21:00:00+00:00,0.8821805,0.8883382257879331,0.8875882257879331,0.8789358645272403,-1.14,-409.93,0,15,0
171,GBP_CHF,bullish,2024-03-17 21:00:00+00:00,2024-03-20 21:00:00+00:00,1.12522072,1.1326785022518648,1.1196181382581127,1.1285822690451324,1.33,479.21,1,15,0
172,CAD_CHF,bullish,2024-03-17 21:00:00+00:00,2024-03-20 21:00:00+00:00,0.65247358,0.6571513871092574,0.648768592212111,0.6546965726727334,1.26,454.53,1,15,0
173,EUR_USD,bullish,2024-03-17 21:00:00+00:00,2024-03-27 21:00:00+00:00,1.08726,1.07804635729815,1.077664033217857,1.0930175800692856,-0.96,-345.66,0,15,0
174,NZD_JPY,bullish,2024-03-18 21:00:00+00:00,2024-03-20 21:00:00+00:00,90.914784,92.00122286595004,90.1219929652218,91.39045862086691,1.37,493.34,1,15,0
175,AUD_CAD,bearish,2024-03-18 21:00:00+00:00,2024-04-07 21:00:00+00:00,0.8864831999999999,0.8979874518782713,0.8972374518782713,0.8800306488730371,-1.07,-385.11,0,15,0
176,GBP_USD,bullish,2024-03-18 21:00:00+00:00,2024-03-31 21:00:00+00:00,1.2698235800000002,1.2572345783722438,1.2564006756601402,1.2778773226039162,-0.94,-337.63,0,15,0
177,CAD_JPY,bullish,2024-03-18 21:00:00+00:00,2024-04-28 21:00:00+00:00,110.98870600000001,114.70179340047775,108.40298081196059,112.54014111282366,1.44,516.96,1,15,0
178,GBP_CHF,bullish,2024-03-18 21:00:00+00:00,2024-03-20 21:00:00+00:00,1.12522072,1.1326530414852003,1.1196355176210238,1.1285718414273858,1.33,479.06,1,15,0
179,CAD_CHF,bullish,2024-03-18 21:00:00+00:00,2024-03-20 21:00:00+00:00,0.65247358,0.6572297219371676,0.6487151213398175,0.6547286551961096,1.27,455.56,1,15,0
180,CHF_JPY,bullish,2024-03-18 21:00:00+00:00,2024-03-20 21:00:00+00:00,168.378586,170.48149719151596,166.8919572003304,169.27056327980176,1.41,509.24,1,15,0
181,AUD_USD,bearish,2024-03-18 21:00:00+00:00,2024-04-16 21:00:00+00:00,0.65389836,0.6370572751381285,0.6659059264586153,0.6466938201248308,1.4,504.91,1,15,0
182,BTC_USD,bullish,2024-03-19 00:00:00+00:00,2024-03-20 00:00:00+00:00,67331.4963828125,62189.83816061225,62197.33816061225,70411.99131613265,-1.0,-360.53,0,20,0
183,AUD_CHF,bullish,2024-03-19 21:00:00+00:00,2024-03-21 21:00:00+00:00,0.58161946,0.5928847836196763,0.5759651900613287,0.5850120219632027,1.99,717.25,1,15,0
184,USD_CAD,bearish,2024-03-19 21:00:00+00:00,2024-03-21 21:00:00+00:00,1.3533939799999999,1.3609012891362087,1.361055328226994,1.3487971710638034,-0.98,-352.76,0,14,0
185,USD_CAD,bullish,2024-03-19 21:00:00+00:00,2024-03-24 21:00:00+00:00,1.35062784,1.3603359145350216,1.3434892225699513,1.3549110104580293,1.36,489.58,1,14,0
186,USD_CAD,bullish,2024-03-19 21:00:00+00:00,2024-03-25 21:00:00+00:00,1.35019618,1.3582577294761768,1.3441814704599475,1.3538050057240314,1.34,482.51,1,14,0
187,CHF_JPY,bullish,2024-03-19 21:00:00+00:00,2024-03-26 21:00:00+00:00,170.38368400000002,166.60402693345173,166.67902693345172,172.606478239929,-1.02,-367.29,0,15,0
188,BTC_USD,bullish,2024-03-20 00:00:00+00:00,2024-04-13 00:00:00+00:00,67548.59375,62668.06199919173,62023.614440693564,70863.58133558386,-0.88,-318.01,0,20,0
189,BTC_USD,bullish,2024-03-20 00:00:00+00:00,2024-04-13 00:00:00+00:00,67331.4963828125,62545.86937431865,61914.11882216188,70581.92291920287,-0.88,-318.02,0,20,0
190,BTC_USD,bullish,2024-03-20 00:00:00+00:00,2024-04-17 00:00:00+00:00,67913.671875,60883.10147103046,59951.00701789168,72691.27078926499,-0.88,-317.86,0,20,0
191,NZD_JPY,bullish,2024-03-20 21:00:00+00:00,2024-03-27 21:00:00+00:00,92.096812,90.12953377176542,90.20453377176543,93.23217893694074,-1.04,-374.27,0,15,0
192,AUD_CHF,bullish,2024-03-20 21:00:00+00:00,2024-04-03 21:00:00+00:00,0.58375484,0.5946918031201424,0.5757773907712339,0.5885413095372597,1.37,493.55,1,15,0
193,AUD_CAD,bearish,2024-03-20 21:00:00+00:00,2024-03-24 21:00:00+00:00,0.8918481,0.8861830638701897,0.8962269642524302,0.8892207814485419,1.29,465.74,1,15,0
194,USD_CHF,bullish,2024-03-20 21:00:00+00:00,2024-03-27 21:00:00+00:00,0.8848492,0.9069528196054667,0.8740945554797803,0.8913019867121318,2.06,739.89,1,15,0
195,EUR_GBP,bearish,2024-03-20 21:00:00+00:00,2024-03-21 21:00:00+00:00,0.85436148,0.8587314001435079,0.8579814001435079,0.8521895279138952,-1.21,-434.59,0,15,0
196,CHF_JPY,bullish,2024-03-20 21:00:00+00:00,2024-03-26 21:00:00+00:00,170.38368400000002,167.33798750894564,167.41298750894563,172.16610189463265,-1.03,-369.09,0,15,0
197,NZD_CHF,bullish,2024-03-21 21:00:00+00:00,2024-03-26 21:00:00+00:00,0.53966194,0.5433527029069911,0.5366307025208252,0.5414806824875049,1.22,438.33,1,15,0
198,NZD_CHF,bearish,2024-03-21 21:00:00+00:00,2024-03-26 21:00:00+00:00,0.5405409999999999,0.5445241465863299,0.5442066990774715,0.538341580553517,-1.09,-391.18,0,15,0
199,NZD_CHF,bullish,2024-03-21 21:00:00+00:00,2024-04-04 21:00:00+00:00,0.54022,0.5454983383137648,0.5361050933011845,0.5426889440192894,1.28,461.78,1,15,0
200,AUD_CHF,bullish,2024-03-21 21:00:00+00:00,2024-04-04 21:00:00+00:00,0.58458,0.5968289366258466,0.5757070057161457,0.5899037965703126,1.38,496.97,1,15,0
201,USD_CAD,bullish,2024-03-21 21:00:00+00:00,2024-04-07 21:00:00+00:00,1.35305,1.3641373301447688,1.3449699111639803,1.3578980533016118,1.37,493.98,1,15,0
202,ETH_USD,bullish,2024-03-25 00:00:00+00:00,2024-04-12 00:00:00+00:00,3431.9367841796875,3194.9948314867815,3163.380148473445,3593.070765603433,-0.88,-317.62,0,15,0
203,NZD_CHF,bullish,2024-03-27 21:00:00+00:00,2024-04-04 21:00:00+00:00,0.53966194,0.5469621029219175,0.534166948244425,0.542958935053345,1.33,478.26,1,15,0
204,NZD_CHF,bearish,2024-03-27 21:00:00+00:00,2024-04-08 21:00:00+00:00,0.5405409999999999,0.5485102623444624,0.5477602623444624,0.5362094425933225,-1.1,-397.4,0,15,0
205,AUD_CAD,bearish,2024-03-27 21:00:00+00:00,2024-04-03 21:00:00+00:00,0.88637588,0.8917378659436295,0.8916048890063826,0.8832384745961704,-1.03,-369.16,0,15,0
206,EUR_GBP,bearish,2024-03-27 21:00:00+00:00,2024-04-18 21:00:00+00:00,0.85458,0.8606861494352127,0.8599361494352127,0.8513663103388724,-1.14,-410.41,0,15,0
207,EUR_GBP,bearish,2024-03-28 21:00:00+00:00,2024-04-02 21:00:00+00:00,0.85436148,0.8587838925765525,0.8580338925765525,0.8521580324540685,-1.2,-433.52,0,15,0
208,GBP_USD,bearish,2024-03-31 21:00:00+00:00,2024-04-08 21:00:00+00:00,1.26190092,1.269435806802374,1.2695935354221926,1.2572853507466843,-0.98,-352.62,0,14,0
209,GBP_JPY,bullish,2024-03-31 21:00:00+00:00,2024-04-24 21:00:00+00:00,190.345,194.28080167828392,187.60725141414068,191.9876491515156,1.44,517.54,1,20,0
210,ETH_USD,bullish,2024-04-01 00:00:00+00:00,2024-04-02 00:00:00+00:00,3431.9367841796875,3221.629280147758,3221.704280147758,3558.0762865988454,-1.0,-360.13,0,15,0
211,GBP_JPY,bullish,2024-04-01 21:00:00+00:00,2024-04-28 21:00:00+00:00,190.176018,197.03820152230043,187.55326430536846,191.74967021677892,2.62,941.91,1,20,0
212,ETH_USD,bullish,2024-04-02 00:00:00+00:00,2024-04-03 00:00:00+00:00,3431.9367841796875,3228.41144598638,3228.4864459863797,3554.0069870956722,-1.0,-360.13,0,15,0
213,NZD_JPY,bullish,2024-04-02 21:00:00+00:00,2024-04-10 21:00:00+00:00,91.1585,92.36304688125385,90.28508915955369,91.68254650426779,1.38,496.49,1,15,0
214,GBP_USD,bearish,2024-04-02 21:00:00+00:00,2024-04-08 21:00:00+00:00,1.26190092,1.2702322114634645,1.2694822114634645,1.2573521451219212,-1.1,-395.61,0,14,0
215,USD_CAD,bullish,2024-04-02 21:00:00+00:00,2024-04-07 21:00:00+00:00,1.35148734,1.3642353891580807,1.3451353168667857,1.3552985538799287,2.01,722.49,1,15,0
216,USD_CHF,bullish,2024-04-02 21:00:00+00:00,2024-04-10 21:00:00+00:00,0.9029,0.9141437497759735,0.8947131400846599,0.9078121159492042,1.37,494.42,1,15,0
217,NZD_USD,bearish,2024-04-02 21:00:00+00:00,2024-04-08 21:00:00+00:00,0.6009390800000001,0.6073637466288436,0.6066137466288436,0.5975342800226939,-1.13,-407.58,0,15,0
218,NZD_USD,bearish,2024-04-02 21:00:00+00:00,2024-04-08 21:00:00+00:00,0.60091,0.6073675672462988,0.6066175672462988,0.5974854596522208,-1.13,-407.31,0,15,0
219,EUR_USD,bearish,2024-04-02 21:00:00+00:00,2024-04-11 21:00:00+00:00,1.08322196,1.067315465069667,1.0886037031115776,1.0799929141330533,2.96,1064.03,1,15,0
220,AUD_JPY,bullish,2024-04-02 21:00:00+00:00,2024-04-04 21:00:00+00:00,98.986034,100.37832730565249,97.98446860365019,99.5869732378099,1.39,500.44,1,15,0
221,AUD_CAD,bullish,2024-04-03 21:00:00+00:00,2024-04-09 21:00:00+00:00,0.88803,0.9014245505519847,0.8783750166880651,0.8938229899871609,1.39,499.44,1,14,0
222,USD_CHF,bullish,2024-04-03 21:00:00+00:00,2024-04-10 21:00:00+00:00,0.90142156,0.9148079294216436,0.894769150860403,0.9054130054837581,2.01,724.41,1,15,0
223,USD_CHF,bullish,2024-04-03 21:00:00+00:00,2024-04-10 21:00:00+00:00,0.90136,0.9148321967972338,0.8946672015071842,0.9053756790956896,2.01,724.66,1,15,0
224,GBP_NZD,bullish,2024-04-03 21:00:00+00:00,2024-04-16 21:00:00+00:00,2.0995405,2.119580221933241,2.0853495635267976,2.1080550618839213,1.41,508.37,1,15,0
225,NAS100_USD,bullish,2024-04-04 00:00:00+00:00,2024-04-17 00:00:00+00:00,18124.824,17772.48015581777,17726.191523602916,18364.00348583825,-0.88,-318.2,0,20,0
226,SPX500_USD,bullish,2024-04-04 00:00:00+00:00,2024-04-15 00:00:00+00:00,5197.25,5106.960163262821,5095.730910728822,5258.161453562707,-0.89,-320.18,0,15,0
227,ETH_USD,bullish,2024-04-04 00:00:00+00:00,2024-04-05 00:00:00+00:00,3431.9367841796875,3235.092170418223,3235.1671704182227,3549.9985524365666,-1.0,-360.14,0,15,0
228,CHF_JPY,bullish,2024-04-04 21:00:00+00:00,2024-04-15 21:00:00+00:00,167.607578,169.39364684974288,166.33722383635296,168.3697904981882,1.41,506.15,1,14,0
229,NZD_CAD,bearish,2024-04-04 21:00:00+00:00,2024-04-21 21:00:00+00:00,0.81779676,0.8065940724182706,0.8259555911138085,0.8129014613317149,1.37,494.31,1,15,0
230,SPX500_USD,bullish,2024-04-05 00:00:00+00:00,2024-04-15 00:00:00+00:00,5191.569,5108.298902202883,5098.008798415967,5247.705120950421,-0.89,-320.41,0,15,0
231,ETH_USD,bullish,2024-04-07 00:00:00+00:00,2024-04-09 00:00:00+00:00,3431.9367841796875,3726.617890470282,3230.7380768140943,3552.6560085990436,1.46,527.27,1,15,0
232,USD_CAD,bullish,2024-04-07 21:00:00+00:00,2024-04-11 21:00:00+00:00,1.35727,1.374197465184137,1.34520347086407,1.3645099174815578,1.4,505.02,1,15,0
233,CHF_JPY,bullish,2024-04-07 21:00:00+00:00,2024-04-17 21:00:00+00:00,167.72,169.6529802883327,166.34936499089918,168.5423810054605,1.41,507.7,1,15,0
234,GBP_USD,bullish,2024-04-08 21:00:00+00:00,2024-04-10 21:00:00+00:00,1.2698235800000002,1.2504152143414262,1.2511652143414262,1.2810185993951446,-1.04,-374.47,0,14,0
235,USD_CAD,bullish,2024-04-08 21:00:00+00:00,2024-04-11 21:00:00+00:00,1.35714,1.373822126956699,1.3452409372309222,1.3642794376614467,1.4,504.71,1,15,0
236,GBP_CAD,bullish,2024-04-08 21:00:00+00:00,2024-04-18 21:00:00+00:00,1.72185922,1.7043415835791251,1.7050915835791252,1.731919801852525,-1.04,-376.1,0,15,0
237,ETH_USD,bullish,2024-04-09 00:00:00+00:00,2024-04-12 00:00:00+00:00,3458.1059541015625,3141.194368312672,3141.2693683126718,3648.207905574897,-1.0,-360.09,0,15,0
238,USD_CAD,bullish,2024-04-09 21:00:00+00:00,2024-04-11 21:00:00+00:00,1.35957598,1.371719391631883,1.3507750164287489,1.3648565581427508,1.38,496.72,1,15,0
239,NZD_USD,bearish,2024-04-09 21:00:00+00:00,2024-04-14 21:00:00+00:00,0.6009390800000001,0.5933918166138744,0.6066027410144204,0.5975408833913479,1.33,479.73,1,15,0
240,NZD_USD,bearish,2024-04-09 21:00:00+00:00,2024-04-16 21:00:00+00:00,0.60134,0.5881554535870824,0.6066082595133904,0.5981790442919658,2.5,900.95,1,15,0
241,CHF_JPY,bullish,2024-04-09 21:00:00+00:00,2024-04-17 21:00:00+00:00,167.607578,169.96672372342368,166.6872960629778,168.1597471622133,2.56,922.86,1,15,0
242,USD_JPY,bullish,2024-04-09 21:00:00+00:00,2024-04-14 21:00:00+00:00,152.20564000000002,153.56901782490834,151.2238121331684,152.794736720099,1.39,499.9,1,15,0
243,EUR_GBP,bearish,2024-04-10 21:00:00+00:00,2024-04-18 21:00:00+00:00,0.85436148,0.859327438478477,0.858577438478477,0.8518319049129138,-1.18,-424.04,0,15,0
244,NZD_JPY,bullish,2024-04-11 21:00:00+00:00,2024-04-18 21:00:00+00:00,90.919288,90.0098649942736,89.97323017037823,91.48692269777305,-0.96,-346.06,0,15,0
245,CAD_CHF,bullish,2024-04-11 21:00:00+00:00,2024-04-18 21:00:00+00:00,0.66185164,0.654534876485665,0.655284876485665,0.665791698108601,-1.11,-401.12,0,15,0
246,AUD_JPY,bullish,2024-04-11 21:00:00+00:00,2024-04-15 21:00:00+00:00,99.025762,100.07149342416626,98.26075761490357,99.48476463105786,1.37,492.11,1,15,0
247,EUR_CHF,bullish,2024-04-11 21:00:00+00:00,2024-04-18 21:00:00+00:00,0.96842096,0.9596157663698789,0.9592880874034908,0.9739006835579055,-0.96,-347.08,0,15,0
248,ETH_USD,bullish,2024-04-12 00:00:00+00:00,2024-04-13 00:00:00+00:00,3453.49462890625,3145.03644937879,3145.1114493787904,3638.524536622726,-1.0,-360.09,0,15,0
249,ETH_USD,bullish,2024-04-12 00:00:00+00:00,2024-04-13 00:00:00+00:00,3505.163330078125,3212.066896360411,3212.141896360411,3680.9761903087533,-1.0,-360.09,0,15,0
250,ETH_USD,bullish,2024-04-12 00:00:00+00:00,2024-04-13 00:00:00+00:00,3458.1059541015625,3213.937288947391,3214.012288947391,3604.5621531940656,-1.0,-360.11,0,15,0
251,BTC_USD,bullish,2024-04-13 00:00:00+00:00,2024-04-14 00:00:00+00:00,67195.8671875,64314.68288208574,64322.18288208574,68920.07777074855,-1.0,-360.94,0,20,0
252,NZD_CHF,bullish,2024-04-14 21:00:00+00:00,2024-04-15 21:00:00+00:00,0.53966194,0.5355996450353571,0.5363496450353571,0.5416493169787857,-1.23,-441.51,0,15,0
253,NZD_CHF,bullish,2024-04-14 21:00:00+00:00,2024-04-16 21:00:00+00:00,0.5388709,0.5343333163825272,0.5350833163825273,0.5411434501704837,-1.2,-431.29,0,15,0
254,AUD_CHF,bullish,2024-04-14 21:00:00+00:00,2024-04-18 21:00:00+00:00,0.58805732,0.5816360738356552,0.5823860738356552,0.5914600676986068,-1.13,-407.61,0,15,0
255,SPX500_USD,bullish,2024-04-15 00:00:00+00:00,2024-04-16 00:00:00+00:00,5191.569,5094.881499556995,5095.631499556995,5249.131500265804,-1.01,-362.81,0,15,0
256,SPX500_USD,bullish,2024-04-15 00:00:00+00:00,2024-04-16 00:00:00+00:00,5207.75,5092.587874618021,5093.337874618021,5276.3972752291875,-1.01,-362.36,0,15,0
257,EUR_AUD,bullish,2024-04-15 21:00:00+00:00,2024-04-25 21:00:00+00:00,1.6557332,1.6395408901040571,1.6382249121361192,1.6662381727183284,-0.92,-332.94,0,15,0
258,AUD_CAD,bearish,2024-04-15 21:00:00+00:00,2024-04-28 21:00:00+00:00,0.8858028800000001,0.8964819488587489,0.8970603276856564,0.8790484113886063,-0.95,-341.5,0,15,0
259,GBP_AUD,bullish,2024-04-15 21:00:00+00:00,2024-04-23 21:00:00+00:00,1.93966488,1.9088563057832404,1.9096063057832404,1.9577000245300558,-1.02,-368.98,0,15,0
260,CHF_JPY,bearish,2024-04-15 21:00:00+00:00,2024-04-25 21:00:00+00:00,169.476932,171.39495992690078,171.3199599269008,168.37111524385952,-1.04,-374.65,0,15,0
261,AUD_JPY,bullish,2024-04-15 21:00:00+00:00,2024-04-18 21:00:00+00:00,99.371854,98.18571702509543,98.26071702509543,100.03853618494274,-1.07,-384.3,0,15,0
262,NZD_CHF,bullish,2024-04-17 21:00:00+00:00,2024-04-18 21:00:00+00:00,0.53968392,0.5330109366409181,0.5337609366409182,0.5432377100154491,-1.13,-405.59,0,15,0
263,NZD_JPY,bullish,2024-04-18 21:00:00+00:00,2024-04-28 21:00:00+00:00,90.996,93.74429055848067,89.928593361633,91.63644398302019,2.57,926.91,1,15,0
264,USD_CHF,bullish,2024-04-18 21:00:00+00:00,2024-04-24 21:00:00+00:00,0.90610908,0.9159532611505998,0.8988775570303074,0.9104479937818156,1.36,490.06,1,15,0
265,GBP_NZD,bullish,2024-04-18 21:00:00+00:00,2024-04-21 21:00:00+00:00,2.1004619,2.084244576311342,2.084994576311342,2.1097422942131945,-1.05,-377.46,0,15,0
266,EUR_GBP,bearish,2024-04-18 21:00:00+00:00,2024-04-21 21:00:00+00:00,0.856932,0.8604361327306324,0.8596861327306323,0.8552795203616207,-1.27,-458.03,0,15,0
267,AUD_JPY,bullish,2024-04-18 21:00:00+00:00,2024-04-25 21:00:00+00:00,99.371854,102.89354072282187,98.20975812832896,100.06911152300262,3.03,1090.97,1,15,0
268,AUD_JPY,bullish,2024-04-18 21:00:00+00:00,2024-04-28 21:00:00+00:00,99.389,102.46233298267207,98.19870397630545,100.10317761421672,2.58,929.52,1,15,0
269,EUR_CHF,bullish,2024-04-18 21:00:00+00:00,2024-04-25 21:00:00+00:00,0.96842096,0.9812461173346722,0.9591546410002237,0.9739807513998657,1.38,498.26,1,14,0
270,GBP_CAD,bullish,2024-04-18 21:00:00+00:00,2024-04-21 21:00:00+00:00,1.70931128,1.6981194165880062,1.6988694165880063,1.7155763980471963,-1.07,-385.86,0,15,0
271,GBP_NZD,bullish,2024-04-21 21:00:00+00:00,2024-04-22 21:00:00+00:00,2.0986092,2.0843370821814458,2.085087082181446,2.1067224706911323,-1.06,-379.97,0,15,0
272,GBP_NZD,bullish,2024-04-21 21:00:00+00:00,2024-04-22 21:00:00+00:00,2.1009,2.08632728870081,2.08707728870081,2.1091936267795144,-1.05,-379.53,0,15,0
273,GBP_NZD,bullish,2024-04-21 21:00:00+00:00,2024-04-22 21:00:00+00:00,2.1004619,2.0860828395078954,2.0868328395078954,2.108639336295263,-1.06,-379.81,0,15,0
274,CAD_CHF,bearish,2024-04-21 21:00:00+00:00,2024-04-25 21:00:00+00:00,0.66445184,0.6697389622578368,0.6689889622578368,0.6617295666452979,-1.17,-419.51,0,15,0
275,CAD_CHF,bearish,2024-04-21 21:00:00+00:00,2024-04-28 21:00:00+00:00,0.6648071,0.6708214158699929,0.6700714158699929,0.6616485104780042,-1.14,-411.29,0,15,0
276,BTC_USD,bullish,2024-04-22 00:00:00+00:00,2024-04-29 00:00:00+00:00,64991.97440625,62196.662078836045,61831.1894545335,66888.4453772799,-0.88,-318.37,0,20,0
277,GBP_NZD,bullish,2024-04-22 21:00:00+00:00,2024-04-30 21:00:00+00:00,2.09885,2.1158786211837244,2.0867144224001883,2.106131346559887,1.4,505.15,1,15,0
278,EUR_USD,bullish,2024-04-22 21:00:00+00:00,2024-04-25 21:00:00+00:00,1.06506116,1.073735405413344,1.0586282279772394,1.0689209192136562,1.35,485.43,1,15,0
279,AUD_NZD,bearish,2024-04-22 21:00:00+00:00,2024-04-23 21:00:00+00:00,1.09310056,1.097509198021253,1.096759198021253,1.0909053771872483,-1.2,-433.8,0,14,0
280,GBP_NZD,bullish,2024-04-23 21:00:00+00:00,2024-05-01 21:00:00+00:00,2.09965,2.1289293614507656,2.079152142354426,2.1119487145873443,1.43,514.23,1,15,0
281,AUD_NZD,bearish,2024-04-23 21:00:00+00:00,2024-04-25 21:00:00+00:00,1.09310056,1.0975993396693489,1.0968493396693488,1.0908512921983908,-1.2,-432.02,0,14,0
282,BTC_USD,bullish,2024-04-24 00:00:00+00:00,2024-04-29 00:00:00+00:00,64991.97440625,62190.135639190674,62197.635639190674,66668.5776664856,-1.0,-360.97,0,20,0
283,BTC_USD,bullish,2024-04-24 00:00:00+00:00,2024-04-29 00:00:00+00:00,64276.8984375,62183.75834465027,62191.25834465027,65528.28249320984,-1.0,-361.29,0,20,0
284,USD_CHF,bullish,2024-04-24 21:00:00+00:00,2024-04-30 21:00:00+00:00,0.91192786,0.9191108876943394,0.9065128240311677,0.9151768815812994,1.33,477.54,1,15,0
285,NZD_USD,bearish,2024-04-24 21:00:00+00:00,2024-05-02 21:00:00+00:00,0.59544274,0.6024220172078373,0.6025054125712441,0.5912051364572535,-0.99,-355.75,0,15,0
286,EUR_GBP,bearish,2024-04-24 21:00:00+00:00,2024-04-29 21:00:00+00:00,0.856932,0.8535480097587673,0.8597538363421384,0.855238898194717,1.2,431.72,1,15,0
287,ETH_USD,bullish,2024-04-25 00:00:00+00:00,2024-04-29 00:00:00+00:00,3080.0595434570314,3334.267273942552,2906.487713774082,3184.202641266801,1.46,527.24,1,15,0
288,EUR_AUD,bullish,2024-04-25 21:00:00+00:00,2024-04-28 21:00:00+00:00,1.6457401999999999,1.6324699361821142,1.6332199361821143,1.6532523582907312,-1.06,-381.57,0,15,0
289,USD_CHF,bullish,2024-04-25 21:00:00+00:00,2024-04-30 21:00:00+00:00,0.91192786,0.9190503013400172,0.9065541799044252,0.915152068057345,1.33,477.16,1,15,0
290,USD_JPY,bullish,2024-04-25 21:00:00+00:00,2024-04-29 21:00:00+00:00,155.82356,160.05787780830192,153.79564573726967,157.04030855763818,2.09,751.69,1,15,0
291,AUD_CAD,bearish,2024-04-28 21:00:00+00:00,2024-05-02 21:00:00+00:00,0.89312556,0.9029667386097886,0.9022167386097886,0.8876708528341268,-1.08,-389.7,0,15,0
292,USD_CHF,bullish,2024-04-28 21:00:00+00:00,2024-04-30 21:00:00+00:00,0.91056,0.9186791717844944,0.9072068159604937,0.9125719104237039,2.42,871.68,1,15,0
293,NZD_CAD,bearish,2024-04-28 21:00:00+00:00,2024-05-02 21:00:00+00:00,0.8168034,0.8234305249051651,0.8234668069219558,0.8128053558468264,-0.99,-358.04,0,15,0
294,USD_JPY,bullish,2024-04-28 21:00:00+00:00,2024-04-30 21:00:00+00:00,155.82356,153.80980143882385,153.6254210417504,157.14244337494975,-0.92,-329.8,0,15,0
295,ETH_USD,bullish,2024-04-29 00:00:00+00:00,2024-05-01 00:00:00+00:00,3130.164794921875,2916.6559682439747,2916.7309682439745,3258.2250909286154,-1.0,-360.13,0,15,0
296,EUR_AUD,bullish,2024-04-29 21:00:00+00:00,2024-05-01 21:00:00+00:00,1.6457401999999999,1.6324497919121292,1.6331997919121293,1.6532644448527223,-1.06,-381.53,0,14,0
297,EUR_AUD,bullish,2024-04-29 21:00:00+00:00,2024-05-01 21:00:00+00:00,1.64681,1.6324090924898342,1.6331590924898343,1.6550005445060996,-1.05,-379.78,0,14,0
298,EUR_AUD,bearish,2024-04-29 21:00:00+00:00,2024-05-05 21:00:00+00:00,1.64769,1.6224319506659246,1.6654429346990276,1.6370382391805836,1.42,512.19,1,15,0
299,GBP_AUD,bullish,2024-04-29 21:00:00+00:00,2024-05-02 21:00:00+00:00,1.9234634000000002,1.9060171766656668,1.9067671766656669,1.9334811340006002,-1.04,-376.17,0,14,0
300,BTC_USD,bullish,2024-04-30 00:00:00+00:00,2024-05-01 00:00:00+00:00,64481.70703125,62213.33378096989,62220.83378096989,65838.23098141806,-1.0,-361.19,0,20,0
301,SPX500_USD,bullish,2024-04-30 00:00:00+00:00,2024-05-06 00:00:00+00:00,5058.4715,5187.708966279978,4969.7428540751,5111.708687554939,1.46,524.36,1,15,0
302,ETH_USD,bullish,2024-04-30 00:00:00+00:00,2024-05-01 00:00:00+00:00,3080.0595434570314,2912.3000402453144,2912.3750402453143,3180.6702453840617,-1.0,-360.16,0,15,0
303,NZD_JPY,bullish,2024-04-30 21:00:00+00:00,2024-05-02 21:00:00+00:00,91.477346,92.53601092481051,90.70351328681876,91.94164562790874,1.37,492.51,1,15,0
304,GBP_JPY,bullish,2024-04-30 21:00:00+00:00,2024-05-02 21:00:00+00:00,191.902634,194.9498908482203,189.77140065650494,193.18137400609706,1.43,514.73,1,20,0
305,CAD_JPY,bullish,2024-04-30 21:00:00+00:00,2024-05-02 21:00:00+00:00,111.96190399999999,113.68069515023474,110.73747318072712,112.69656249156371,1.4,505.35,1,15,0
306,EUR_JPY,bullish,2024-04-30 21:00:00+00:00,2024-05-02 21:00:00+00:00,164.107182,166.7095540624615,162.27962427818326,165.20371663309004,1.42,512.63,1,15,0
307,EUR_JPY,bullish,2024-04-30 21:00:00+00:00,2024-05-02 21:00:00+00:00,164.415074,167.473491383,162.27622254402732,165.69838487358362,1.43,514.78,1,15,0
308,CHF_JPY,bullish,2024-04-30 21:00:00+00:00,2024-05-02 21:00:00+00:00,168.50135799999998,170.73930414407366,167.41291275573002,169.15442514656195,2.06,740.19,1,15,0
309,EUR_USD,bullish,2024-04-30 21:00:00+00:00,2024-05-05 21:00:00+00:00,1.06506116,1.080526433646662,1.058930621759296,1.0687394829444223,2.52,908.16,1,15,0
310,EUR_USD,bullish,2024-04-30 21:00:00+00:00,2024-05-05 21:00:00+00:00,1.06611548,1.0806576838499604,1.058919148776489,1.0704332787341064,2.02,727.48,1,15,0
311,AUD_JPY,bullish,2024-04-30 21:00:00+00:00,2024-05-02 21:00:00+00:00,100.042454,101.85180294685654,98.75620898508087,100.81420100895149,1.41,506.41,1,15,0
312,USD_JPY,bullish,2024-04-30 21:00:00+00:00,2024-05-01 21:00:00+00:00,155.82356,153.53231953876823,153.60731953876822,157.15330427673905,-1.03,-372.18,0,15,0
313,USD_JPY,bullish,2024-04-30 21:00:00+00:00,2024-05-02 21:00:00+00:00,153.64341000000002,155.66585418846384,152.21170748227726,154.50243151063367,1.41,508.54,1,15,0
314,USD_JPY,bullish,2024-04-30 21:00:00+00:00,2024-05-02 21:00:00+00:00,153.75801,155.9374297214307,152.21915694782888,154.68132183130268,1.42,509.85,1,15,0
315,USD_CHF,bullish,2024-05-01 21:00:00+00:00,2024-05-02 21:00:00+00:00,0.9135399,0.906312043391887,0.907062043391887,0.9174266139648677,-1.12,-401.68,0,15,0
316,GBP_NZD,bullish,2024-05-01 21:00:00+00:00,2024-05-02 21:00:00+00:00,2.1034,2.0862294391447573,2.0869794391447574,2.113252336513146,-1.05,-376.44,0,15,0
317,GBP_NZD,bullish,2024-05-01 21:00:00+00:00,2024-05-02 21:00:00+00:00,2.1014,2.086310907777275,2.087060907777275,2.110003455333635,-1.05,-378.83,0,15,0
318,USD_JPY,bullish,2024-05-01 21:00:00+00:00,2024-05-02 21:00:00+00:00,155.82356,153.40122528599906,153.47622528599905,157.23196082840056,-1.03,-371.5,0,15,0
319,NZD_CAD,bearish,2024-05-02 21:00:00+00:00,2024-05-05 21:00:00+00:00,0.8168034,0.8240549947287064,0.8233049947287063,0.8129024431627762,-1.12,-401.53,0,15,0
320,NZD_CAD,bearish,2024-05-02 21:00:00+00:00,2024-05-05 21:00:00+00:00,0.81656,0.8240921379623701,0.8233421379623701,0.8124907172225778,-1.11,-399.81,0,15,0
