date,balance,equity,daily_hwm,open_trades,trading_halted
2023-01-05,60000.0,60058.529855979774,60000.0,1,False
2023-01-06,60000.0,59830.63696913125,60058.529855979774,2,False
2023-01-08,60000.0,59788.529278822774,60000.0,2,False
2023-01-09,60000.0,59682.979014223136,60000.0,3,False
2023-01-10,60113.4672,59860.000304043984,60000.0,2,False
2023-01-11,60113.4672,60066.75020414064,60113.4672,2,False
2023-01-12,60113.4672,59951.63118766784,60113.4672,3,False
2023-01-13,60229.0686,59821.83556604862,60113.4672,3,False
2023-01-15,60229.0686,59808.216520731294,60229.0686,3,False
2023-01-16,59683.4786,59736.01813628158,60229.0686,2,False
2023-01-17,59683.4786,59698.381120128135,59736.01813628158,2,False
2023-01-18,59683.4786,59636.06653097177,59698.381120128135,2,False
2023-01-19,59683.4786,59626.66510264762,59683.4786,2,False
2023-01-20,59683.4786,59608.72235498059,59683.4786,2,False
2023-01-22,59683.4786,59610.11127327733,59683.4786,2,False
2023-01-23,59683.4786,59560.86233629488,59683.4786,2,False
2023-01-24,59683.4786,59672.61575507074,59683.4786,4,False
2023-01-25,59683.4786,60110.907564490364,59683.4786,4,False
2023-01-26,60066.05246,60093.71493779594,60110.907564490364,3,False
2023-01-27,60180.87466,59900.66607763802,60093.71493779594,2,False
2023-01-29,60180.87466,60165.93129779113,60180.87466,4,False
2023-01-30,60180.87466,59634.917337448795,60180.87466,5,False
2023-01-31,60180.87466,59841.10775156116,60180.87466,6,False
2023-02-01,59615.30466,60515.931167990595,60180.87466,6,False
2023-02-02,59727.30496,60431.677677575455,60515.931167990595,6,False
2023-02-03,59844.84436,60519.73008370825,60431.677677575455,6,False
2023-02-05,59844.84436,60137.57590521574,60519.73008370825,7,False
2023-02-06,60095.10556,60115.443675065704,60137.57590521574,5,False
2023-02-07,60095.10556,60739.845725440995,60115.443675065704,5,False
2023-02-08,60095.10556,60361.927778123696,60739.845725440995,5,False
2023-02-09,60219.46336,59587.038884247086,60361.927778123696,5,False
2023-02-10,60219.46336,59514.62953213669,60219.46336,6,False
2023-02-12,60219.46336,59614.21589513929,60219.46336,6,False
2023-02-13,60219.46336,59966.53276972298,60219.46336,6,False
2023-02-14,60219.46336,60177.60432841014,60219.46336,6,False
2023-02-15,60219.46336,61383.958642273865,60219.46336,7,False
2023-02-16,59569.67336,60437.11794880259,61383.958642273865,7,False
2023-02-17,59569.67336,60865.142050709954,60437.11794880259,7,False
2023-02-19,59569.67336,60739.45770742734,60865.142050709954,7,False
2023-02-20,59569.67336,60919.99793033629,60739.45770742734,7,False
2023-02-21,59569.67336,60521.95775163005,60919.99793033629,8,False
2023-02-22,59569.67336,60506.1737756153,60521.95775163005,8,False
2023-02-23,59569.67336,60460.46856230828,60506.1737756153,9,False
2023-02-24,60057.25976,60207.080114739976,60460.46856230828,6,False
2023-02-26,60057.25976,60462.25010441793,60207.080114739976,7,False
2023-02-27,60057.25976,60433.032772886276,60462.25010441793,7,False
2023-02-28,60057.25976,60227.461528027394,60433.032772886276,7,False
2023-03-01,60057.25976,60091.42385435507,60227.461528027394,7,False
2023-03-02,60936.14116,60639.47585433066,60091.42385435507,6,False
2023-03-03,61072.24846,61472.084223863385,60936.14116,6,False
2023-03-05,61072.24846,61397.2308147341,61472.084223863385,6,False
2023-03-06,61072.24846,61554.497304434604,61397.2308147341,6,False
2023-03-07,61072.24846,61414.03604804886,61554.497304434604,6,False
2023-03-08,61072.24846,61628.1897367238,61414.03604804886,6,False
2023-03-09,61072.24846,60765.89561334806,61628.1897367238,6,False
2023-03-10,60551.51946,60324.7790364332,61072.24846,4,False
2023-03-12,60006.099460000005,64467.00834966191,60551.51946,17,False
2023-03-13,60811.68284087922,60811.68284087922,60811.68284087922,0,True
2023-03-14,60203.54284087922,66210.71767398085,60811.68284087922,19,False
2023-03-15,68302.59108087923,68638.19615977113,66210.71767398085,3,False
2023-03-16,68427.96768087923,68881.81747867807,68638.19615977113,8,False
2023-03-17,68763.39408087922,68006.87251829296,68881.81747867807,7,False
2023-03-19,68763.39408087922,68571.2969248747,68763.39408087922,10,False
2023-03-20,66303.55728087923,66895.26522665886,68763.39408087922,12,False
2023-03-21,67130.72655087923,69208.58236706785,66895.26522665886,11,False
2023-03-22,67517.99585087923,68923.76239810839,69208.58236706785,12,False
2023-03-23,67683.45765087924,66457.99902724767,68923.76239810839,14,False
2023-03-24,65140.93701174857,65140.93701174857,65140.93701174857,0,True
2023-03-26,65140.93701174857,63990.42897627026,65140.93701174857,2,False
2023-03-27,66013.83373174857,65569.13434573614,65140.93701174857,3,False
2023-03-28,66013.83373174857,70736.28941539359,66013.83373174857,11,False
2023-03-29,67830.80583174857,71505.79105650165,70736.28941539359,9,False
2023-03-30,67830.80583174857,73311.68445186879,71505.79105650165,11,False
2023-03-31,72072.67579142004,72072.67579142004,72072.67579142004,0,True
2023-04-02,71316.55579142005,72223.68721207585,72072.67579142004,3,False
2023-04-03,71628.07869142004,72190.19662626558,72223.68721207585,2,False
2023-04-04,72638.81043142005,74433.46560774469,72190.19662626558,5,False
2023-04-05,73113.54463142005,73854.18608390137,74433.46560774469,4,False
2023-04-06,73701.70246142005,74465.10300958634,73854.18608390137,4,False
2023-04-07,73701.70246142005,74270.03842759535,74465.10300958634,5,False
2023-04-09,73701.70246142005,73923.34833813002,74270.03842759535,8,False
2023-04-10,72132.01806142004,72806.1164220145,73923.34833813002,9,False
2023-04-11,72313.22646142004,74253.67603439589,72806.1164220145,9,False
2023-04-12,72313.22646142004,76215.81005420696,74253.67603439589,15,False
2023-04-13,74494.49159142004,76460.76737263906,76215.81005420696,12,False
2023-04-14,75027.87029142004,77526.7781422869,76460.76737263906,9,False
2023-04-16,75027.87029142004,78218.94891471737,77526.7781422869,11,False
2023-04-17,75027.87029142004,77165.92286886761,78218.94891471737,11,False
2023-04-18,75027.87029142004,77232.42149673286,77165.92286886761,13,False
2023-04-19,75715.51059142002,77154.2622923323,77232.42149673286,12,False
2023-04-20,75897.44829142002,76915.81971862886,77154.2622923323,16,False
2023-04-21,75897.44829142002,80116.48445243573,76915.81971862886,16,False
2023-04-23,75897.44829142002,80351.61510952687,80116.48445243573,16,False
2023-04-24,75897.44829142002,82522.78056049686,80351.61510952687,19,False
2023-04-25,76185.86639142002,80172.02407023922,82522.78056049686,19,False
2023-04-26,79833.77749142001,83090.91807660369,80172.02407023922,17,False
2023-04-27,80844.38152142003,81788.64268260628,83090.91807660369,24,False
2023-04-28,81610.23912142003,90523.11094041735,81788.64268260628,20,False
2023-04-30,81610.23912142003,90872.6450552812,90523.11094041735,20,False
2023-05-01,82478.90239142004,95577.6388695625,90872.6450552812,27,False
2023-05-02,96824.11416740129,96824.11416740129,96824.11416740129,0,True
2023-05-03,96824.11416740129,98786.21395681545,96824.11416740129,4,False
2023-05-04,96824.11416740129,102377.7125318401,98786.21395681545,14,False
2023-05-05,97691.6253074013,100168.20514165083,102377.7125318401,6,False
2023-05-07,97691.6253074013,101438.22149872714,100168.20514165083,7,False
2023-05-08,96730.3653074013,100292.6866280509,101438.22149872714,6,False
2023-05-09,96730.3653074013,100610.42867170836,100292.6866280509,6,False
2023-05-10,97243.9307074013,97341.73988526432,100610.42867170836,10,False
2023-05-11,98468.04596740131,96120.3309755075,97341.73988526432,10,False
2023-05-12,97515.82596740131,96141.34319846702,98468.04596740131,9,False
2023-05-14,97515.82596740131,96080.45017423695,97515.82596740131,11,False
2023-05-15,97724.5013674013,97018.01335586353,97515.82596740131,10,False
2023-05-16,97724.5013674013,95420.45835021601,97724.5013674013,11,False
2023-05-17,95732.2213674013,96272.2706871617,97724.5013674013,9,False
2023-05-18,95732.2213674013,95727.92075887421,96272.2706871617,9,False
2023-05-19,95732.2213674013,94980.55829779335,95732.2213674013,9,False
2023-05-21,95732.2213674013,94926.62299148242,95732.2213674013,9,False
2023-05-22,93791.7913674013,96184.56803506074,95732.2213674013,7,False
2023-05-23,92863.16136740129,97339.56667589034,96184.56803506074,24,False
2023-05-24,95972.35090740127,101034.11292466216,97339.56667589034,17,False
2023-05-25,97231.72562740128,103063.87700530456,101034.11292466216,17,False
2023-05-26,98686.42512740128,105111.37236182687,103063.87700530456,15,False
2023-05-28,97511.04512740127,105080.38250770865,105111.37236182687,15,False
2023-05-29,97511.04512740127,104453.3444269227,105080.38250770865,16,False
2023-05-30,99473.63110740128,106281.76739060452,104453.3444269227,17,False
2023-05-31,103397.66860740128,105237.03971388702,106281.76739060452,13,False
2023-06-01,103397.66860740128,106748.27833244942,105237.03971388702,18,False
2023-06-02,102893.85322740128,106991.04056965496,106748.27833244942,14,False
2023-06-04,102893.85322740128,107315.18314856951,106991.04056965496,14,False
2023-06-05,104837.54439601433,104837.54439601433,104837.54439601433,0,True
2023-06-06,103854.63189601433,103854.63189601433,104837.54439601433,0,False
2023-06-07,103854.63189601433,102745.37034696601,103854.63189601433,3,False
2023-06-08,103854.63189601433,104623.48313580523,103854.63189601433,5,False
2023-06-09,103854.63189601433,104509.90054219893,104623.48313580523,5,False
2023-06-11,103854.63189601433,106345.98462312495,104509.90054219893,9,False
2023-06-12,104732.48699601433,105462.34444622915,106345.98462312495,9,False
2023-06-13,104989.06409601432,107662.15182763335,105462.34444622915,12,False
2023-06-14,104989.06409601432,110080.11163225437,107662.15182763335,14,False
2023-06-15,107967.76537601431,112248.7497504949,110080.11163225437,12,False
2023-06-16,107967.76537601431,111642.531347399,112248.7497504949,13,False
2023-06-18,107967.76537601431,111676.1829190416,111642.531347399,14,False
2023-06-19,107967.76537601431,110310.40322921191,111676.1829190416,17,False
2023-06-20,107618.92651601431,110708.99022816631,110310.40322921191,19,False
2023-06-21,108836.13043601431,112445.0584742057,110708.99022816631,15,False
2023-06-22,108836.13043601431,116043.31802010478,112445.0584742057,18,False
2023-06-23,112315.1068160143,117832.74729026883,116043.31802010478,14,False
2023-06-25,113826.2262960143,118434.82044070345,117832.74729026883,19,False
2023-06-26,116274.0877360143,118848.21218432867,118434.82044070345,18,False
2023-06-27,115154.4277360143,116792.15711607055,118848.21218432867,19,False
2023-06-28,115413.8182360143,116482.29352998559,116792.15711607055,19,False
2023-06-29,114169.3782360143,117483.79081259422,116482.29352998559,23,False
2023-06-30,114898.97752601429,118866.61285562448,117483.79081259422,23,False
2023-07-02,114898.97752601429,118798.54544088969,118866.61285562448,24,False
2023-07-03,116015.22626601429,122350.85533285333,118798.54544088969,27,False
2023-07-04,119840.31726601427,122262.61056893953,122350.85533285333,22,False
2023-07-05,119840.31726601427,125070.25899381723,122262.61056893953,30,False
2023-07-06,121134.12396601429,125775.59261314667,125070.25899381723,33,False
2023-07-07,120749.84468601429,124528.41783513229,125775.59261314667,27,False
2023-07-09,120749.84468601429,125076.22392645883,124528.41783513229,30,False
2023-07-10,122708.80974601429,126796.9667402058,125076.22392645883,29,False
2023-07-11,121414.06974601428,128102.79098434495,126796.9667402058,31,False
2023-07-12,124362.41336601428,126574.314871953,128102.79098434495,26,False
2023-07-13,123705.40022601429,129187.28953232926,126574.314871953,24,False
2023-07-14,124723.41062601427,128328.76764422546,129187.28953232926,21,False
2023-07-16,124723.41062601427,127973.67563952025,128328.76764422546,22,False
2023-07-17,121848.95062601428,128327.92705439273,127973.67563952025,21,False
2023-07-18,121540.96021601428,130147.10712058665,128327.92705439273,21,False
2023-07-19,122552.60003601428,131574.7582598964,130147.10712058665,20,False
2023-07-20,123793.46389601428,127943.39838562878,131574.7582598964,22,False
2023-07-21,123793.46389601428,132745.32824404878,127943.39838562878,23,False
2023-07-23,123793.46389601428,134364.17187446667,132745.32824404878,27,False
2023-07-24,128567.73223601427,136640.12459632428,134364.17187446667,29,False
2023-07-25,131631.77942601428,137215.7768690343,136640.12459632428,28,False
2023-07-26,135443.11272601428,144106.39427088367,137215.7768690343,33,False
2023-07-27,138956.68263372927,138956.68263372927,138956.68263372927,0,True
2023-07-28,138956.68263372927,138956.68263372927,138956.68263372927,0,False
2023-07-30,138956.68263372927,141015.5921296811,138956.68263372927,5,False
2023-07-31,139546.88923372928,140986.69848963266,141015.5921296811,7,False
2023-08-01,136907.4497337293,137612.4245261899,140986.69848963266,6,False
2023-08-02,136907.4497337293,137420.51972387455,137612.4245261899,10,False
2023-08-03,135034.3697337293,136235.21159819423,137420.51972387455,10,False
2023-08-04,135034.3697337293,133737.2378643917,136235.21159819423,10,False
2023-08-06,135034.3697337293,134011.86139596943,135034.3697337293,10,False
2023-08-07,135034.3697337293,136853.6652803314,135034.3697337293,10,False
2023-08-08,132681.18673372932,135880.66260956504,136853.6652803314,7,False
2023-08-09,132681.18673372932,135147.5575782302,135880.66260956504,10,False
2023-08-10,132876.06733372933,137778.58018960856,135147.5575782302,9,False
2023-08-11,134153.25013372934,137600.05021653153,137778.58018960856,8,False
2023-08-13,134153.25013372934,137791.16158949622,137600.05021653153,10,False
2023-08-14,133079.10013372934,137858.96040511102,137791.16158949622,11,False
2023-08-15,133079.10013372934,137760.93471780856,137858.96040511102,11,False
2023-08-16,137990.55070372936,140056.9695507383,137760.93471780856,8,False
2023-08-17,141708.49526372936,141587.17090036455,140056.9695507383,8,False
2023-08-18,140270.79526372935,140506.45163827346,141708.49526372936,7,False
2023-08-20,140270.79526372935,139499.19236192582,140506.45163827346,9,False
2023-08-21,139038.23526372935,141435.41388529938,140270.79526372935,9,False
2023-08-22,140071.10435372934,143898.65571852998,141435.41388529938,14,False
2023-08-23,140359.27885372934,143513.40097170864,143898.65571852998,18,False
2023-08-24,143479.07230372934,146240.96731612348,143513.40097170864,19,False
2023-08-25,144871.15656372934,148026.62394708343,146240.96731612348,17,False
2023-08-27,144871.15656372934,148879.84129068893,148026.62394708343,18,False
2023-08-28,144871.15656372934,151218.47980172918,148879.84129068893,22,False
2023-08-29,145998.62472372933,153247.911116728,151218.47980172918,27,False
2023-08-30,146707.19947372933,158655.48264950613,153247.911116728,27,False
2023-08-31,156198.6006695205,156198.6006695205,156198.6006695205,0,True
2023-09-01,156198.6006695205,156198.6006695205,156198.6006695205,0,False
2023-09-03,156198.6006695205,155632.52175135253,156198.6006695205,2,False
2023-09-04,156198.6006695205,152744.75384378366,156198.6006695205,8,False
2023-09-05,156960.0825695205,158947.42849905696,156198.6006695205,7,False
2023-09-06,156960.0825695205,158275.71481225465,158947.42849905696,7,False
2023-09-07,156960.0825695205,159792.05942270823,158275.71481225465,12,False
2023-09-08,158660.0978695205,158191.64563951932,159792.05942270823,10,False
2023-09-10,158660.0978695205,156690.11070779568,158660.0978695205,13,False
2023-09-11,153059.15875821115,153059.15875821115,153059.15875821115,0,True
2023-09-12,153376.97905821115,153684.30318807927,153059.15875821115,3,False
2023-09-13,153376.97905821115,153870.65178297588,153684.30318807927,9,False
2023-09-14,153376.97905821115,152423.47239376503,153870.65178297588,9,False
2023-09-15,153376.97905821115,154293.6702113933,153376.97905821115,9,False
2023-09-17,153376.97905821115,154405.39917383678,154293.6702113933,9,False
2023-09-18,153376.97905821115,154281.0955046093,154405.39917383678,9,False
2023-09-19,154511.43894821114,154889.5967026258,154281.0955046093,9,False
2023-09-20,154511.43894821114,156869.52145635875,154889.5967026258,14,False
2023-09-21,157314.84362821112,156063.05721484887,156869.52145635875,13,False
2023-09-22,157990.50792821113,154527.90184528634,157314.84362821112,11,False
2023-09-24,157990.50792821113,155203.0183595045,157990.50792821113,11,False
2023-09-25,154623.49792821115,153024.73235760245,157990.50792821113,9,False
2023-09-26,154623.49792821115,153346.6021925277,154623.49792821115,9,False
2023-09-27,156772.91522821115,155672.4408492439,154623.49792821115,12,False
2023-09-28,158606.38083821116,155408.38959810918,156772.91522821115,15,False
2023-09-29,152853.7677507461,152853.7677507461,152853.7677507461,0,True
2023-10-01,152853.7677507461,153609.15864403665,152853.7677507461,5,False
2023-10-02,153084.9482507461,157547.16600454887,153609.15864403665,15,False
2023-10-03,154048.9717407461,155903.99522629648,157547.16600454887,11,False
2023-10-04,153979.8727607461,153576.90084360025,155903.99522629648,8,False
2023-10-05,152380.4327607461,148687.89863298694,153979.8727607461,12,False
2023-10-06,154993.7359907461,156187.48337994496,152380.4327607461,10,False
2023-10-08,155280.4341907461,154839.02511667495,156187.48337994496,15,False
2023-10-09,155951.4214907461,155984.27643899655,155280.4341907461,16,False
2023-10-10,156322.9396907461,158148.91358392953,155984.27643899655,21,False
2023-10-11,156689.2504907461,161296.97447100363,158148.91358392953,25,False
2023-10-12,155583.8588907461,163626.28571007642,161296.97447100363,27,False
2023-10-13,160969.9069507461,161974.35798242028,163626.28571007642,25,False
2023-10-15,160969.9069507461,162941.6560078333,161974.35798242028,25,False
2023-10-16,163489.68741074612,167868.838747098,162941.6560078333,27,False
2023-10-17,163870.5352107461,164613.56441574966,167868.838747098,28,False
2023-10-18,158241.01516074612,162237.41011877044,164613.56441574966,23,False
2023-10-19,156611.96516074613,162769.4792476367,162237.41011877044,22,False
2023-10-20,156611.96516074613,166600.1122154909,162769.4792476367,22,False
2023-10-22,156611.96516074613,166328.3087998144,166600.1122154909,22,False
2023-10-23,156611.96516074613,170350.0712023169,166328.3087998144,23,False
2023-10-24,167188.81148474588,167188.81148474588,167188.81148474588,0,True
2023-10-25,167188.81148474588,167538.09482143403,167188.81148474588,4,False
2023-10-26,167188.81148474588,166400.81305001618,167538.09482143403,5,False
2023-10-27,164879.8639847459,164879.8639847459,167188.81148474588,0,False
2023-10-29,164879.8639847459,167633.88982656505,164879.8639847459,4,False
2023-10-30,165246.8850847459,166856.16039648795,167633.88982656505,7,False
2023-10-31,166112.9904847459,168492.39947237278,166856.16039648795,7,False
2023-11-01,166888.77008474592,168957.40753698722,168492.39947237278,10,False
2023-11-02,167292.14198474592,172692.1101293899,168957.40753698722,17,False
2023-11-03,167650.7942641164,167650.7942641164,167650.7942641164,0,True
2023-11-05,167650.7942641164,167650.7942641164,167650.7942641164,0,False
2023-11-06,167650.7942641164,167650.7942641164,167650.7942641164,0,False
2023-11-07,167650.7942641164,167853.99314137362,167650.7942641164,1,False
2023-11-08,167650.7942641164,167975.59299545505,167853.99314137362,1,False
2023-11-09,167650.7942641164,168791.16833661837,167975.59299545505,2,False
2023-11-10,167650.7942641164,169287.31263585464,168791.16833661837,2,False
2023-11-12,167650.7942641164,168964.26024265654,169287.31263585464,2,False
2023-11-13,167650.7942641164,168730.9757107926,168964.26024265654,2,False
2023-11-14,171039.7070841164,171039.7070841164,168730.9757107926,0,False
2023-11-15,171039.7070841164,171039.7070841164,171039.7070841164,0,False
2023-11-16,171894.7745841164,171557.73273228653,171039.7070841164,1,False
2023-11-17,171894.7745841164,171670.02255245467,171894.7745841164,1,False
2023-11-19,171894.7745841164,172014.01700154835,171894.7745841164,1,False
2023-11-20,171894.7745841164,171635.25260813863,172014.01700154835,1,False
2023-11-21,171894.7745841164,170606.40425583685,171894.7745841164,1,False
2023-11-22,171894.7745841164,171112.5634452241,171894.7745841164,1,False
2023-11-23,171894.7745841164,170904.79877795873,171894.7745841164,1,False
2023-11-24,171894.7745841164,171894.7745841164,171894.7745841164,1,False
2023-11-26,171894.7745841164,170430.84453699534,171894.7745841164,1,False
2023-11-27,169848.72458411643,169848.72458411643,171894.7745841164,0,False
2023-11-28,169848.72458411643,169848.72458411643,169848.72458411643,0,False
2023-11-29,169848.72458411643,169848.72458411643,169848.72458411643,0,False
2023-11-30,169848.72458411643,169848.72458411643,169848.72458411643,0,False
2023-12-01,169848.72458411643,171307.10414816765,169848.72458411643,2,False
2023-12-03,169848.72458411643,171376.1446172508,171307.10414816765,2,False
2023-12-04,170201.83328411644,171048.4321156425,171376.1446172508,2,False
2023-12-05,173215.69588411643,172980.32051649454,171048.4321156425,4,False
2023-12-06,173215.69588411643,171205.28344181288,173215.69588411643,4,False
2023-12-07,173215.69588411643,173034.90141507075,173215.69588411643,4,False
2023-12-08,171452.57588411644,172943.48295212098,173215.69588411643,4,False
2023-12-10,171452.57588411644,173252.47017349827,172943.48295212098,4,False
2023-12-11,171452.57588411644,174015.55840116393,173252.47017349827,4,False
2023-12-12,171452.57588411644,174551.2434328218,174015.55840116393,4,False
2023-12-13,178912.72322411643,180103.5467649643,174551.2434328218,2,False
2023-12-14,178912.72322411643,180180.76226115908,180103.5467649643,2,False
2023-12-15,178912.72322411643,179344.25060711332,180180.76226115908,2,False
2023-12-17,178912.72322411643,179054.1236428233,179344.25060711332,2,False
2023-12-18,179269.15622411642,179573.41693057114,179054.1236428233,1,False
2023-12-19,179269.15622411642,180013.47295232533,179573.41693057114,1,False
2023-12-20,179269.15622411642,179618.94578576,180013.47295232533,2,False
2023-12-21,179269.15622411642,180334.08355513122,179618.94578576,2,False
2023-12-22,179269.15622411642,179943.87646804927,180334.08355513122,2,False
2023-12-24,179269.15622411642,179269.15622411642,179943.87646804927,2,False
2023-12-25,179269.15622411642,180053.1988220024,179269.15622411642,2,False
2023-12-26,179269.15622411642,180535.93932909713,180053.1988220024,3,False
2023-12-27,179269.15622411642,181019.4480410444,180535.93932909713,3,False
2023-12-28,179269.15622411642,179783.87064665137,181019.4480410444,3,False
2023-12-29,179715.68342411643,179709.7565846091,179783.87064665137,2,False
2023-12-31,179715.68342411643,179715.68342411643,179715.68342411643,2,False
2024-01-01,179715.68342411643,179766.6927975536,179715.68342411643,2,False
2024-01-02,180164.35892411644,178694.7044931141,179766.6927975536,3,False
2024-01-03,182338.77454411643,180515.0776008382,180164.35892411644,1,False
2024-01-04,180202.03454411644,180198.88607239662,182338.77454411643,1,False
2024-01-05,180202.03454411644,180267.78598779257,180202.03454411644,1,False
2024-01-07,180202.03454411644,180205.3860644151,180267.78598779257,1,False
2024-01-08,176635.82454411645,175933.5369308882,180205.3860644151,1,False
2024-01-09,176635.82454411645,175935.35692865337,176635.82454411645,1,False
2024-01-10,176635.82454411645,175726.5771850196,176635.82454411645,1,False
2024-01-11,176635.82454411645,176168.31664259595,176635.82454411645,1,False
2024-01-12,178251.45606411644,178502.58728015982,176635.82454411645,1,False
2024-01-14,178251.45606411644,178425.36737498018,178502.58728015982,1,False
2024-01-15,178251.45606411644,178758.68696568816,178425.36737498018,1,False
2024-01-16,178251.45606411644,177412.66861849997,178758.68696568816,1,False
2024-01-17,176447.16606411643,174991.12597378672,178251.45606411644,2,False
2024-01-18,176447.16606411643,176918.8981247589,176447.16606411643,2,False
2024-01-19,176447.16606411643,177099.44522820754,176918.8981247589,2,False
2024-01-21,176447.16606411643,176757.44724298082,177099.44522820754,2,False
2024-01-22,174502.64606411644,175218.75310339424,176757.44724298082,2,False
2024-01-23,174502.64606411644,174899.14412047178,175218.75310339424,2,False
2024-01-24,174502.64606411644,174624.92992898496,174899.14412047178,3,False
2024-01-25,174502.64606411644,175320.63816711048,174624.92992898496,4,False
2024-01-26,174502.64606411644,175429.77454483355,175320.63816711048,5,False
2024-01-28,174502.64606411644,176131.10549615184,175429.77454483355,5,False
2024-01-29,177130.78714411645,179672.66452550527,176131.10549615184,4,False
2024-01-30,178366.24729411645,179045.55285563332,179672.66452550527,4,False
2024-01-31,178366.24729411645,177900.27200504148,179045.55285563332,4,False
2024-02-01,178722.97249411643,179316.17477060325,178366.24729411645,3,False
2024-02-02,179104.75769411644,178385.02455337197,179316.17477060325,2,False
2024-02-04,179104.75769411644,178333.81000940237,179104.75769411644,2,False
2024-02-05,179104.75769411644,177689.66725127102,179104.75769411644,2,False
2024-02-06,179104.75769411644,178518.4916689492,179104.75769411644,2,False
2024-02-07,179104.75769411644,179569.68834143344,179104.75769411644,3,False
2024-02-08,179104.75769411644,180587.54688822702,179569.68834143344,3,False
2024-02-09,181981.04635411644,182453.60355869823,180587.54688822702,2,False
2024-02-11,181981.04635411644,182585.07210868786,182453.60355869823,2,False
2024-02-12,181981.04635411644,182978.0343194936,182585.07210868786,2,False
2024-02-13,182888.89315411643,181581.5235813658,182978.0343194936,3,False
2024-02-14,185252.97715411644,183442.23151628245,182888.89315411643,2,False
2024-02-15,185709.53765411643,185407.04398036306,185252.97715411644,2,False
2024-02-16,185709.53765411643,186269.00508911247,185709.53765411643,2,False
2024-02-18,185709.53765411643,186281.0695446424,186269.00508911247,2,False
2024-02-19,185709.53765411643,185825.07221396093,186281.0695446424,2,False
2024-02-20,185709.53765411643,186215.49896074855,185825.07221396093,2,False
2024-02-21,186075.01785411642,186398.56437057324,186215.49896074855,1,False
2024-02-22,186075.01785411642,186358.58938525093,186398.56437057324,1,False
2024-02-23,186075.01785411642,186791.54922628042,186358.58938525093,1,False
2024-02-25,186075.01785411642,186738.86424562483,186791.54922628042,1,False
2024-02-26,186075.01785411642,187685.74168610224,186738.86424562483,2,False
2024-02-27,189074.60175411642,189578.3432044108,187685.74168610224,1,False
2024-02-28,189074.60175411642,190206.79914938906,189578.3432044108,2,False
2024-02-29,189074.60175411642,190647.2936458888,190206.79914938906,2,False
2024-03-01,189074.60175411642,191785.6362749472,190647.2936458888,2,False
2024-03-03,189074.60175411642,191765.5912958087,191785.6362749472,2,False
2024-03-04,192102.7400541164,193907.17003562165,191765.5912958087,1,False
2024-03-05,195506.1861741164,195506.1861741164,193907.17003562165,0,False
2024-03-06,195506.1861741164,195506.1861741164,195506.1861741164,0,False
2024-03-07,195506.1861741164,196375.89216236505,195506.1861741164,1,False
2024-03-08,196481.7285741164,196481.7285741164,196375.89216236505,0,False
2024-03-10,196481.7285741164,196533.0604697396,196481.7285741164,5,False
2024-03-11,196481.7285741164,196563.2837848066,196533.0604697396,12,False
2024-03-12,196481.7285741164,198498.90898147263,196563.2837848066,14,False
2024-03-13,196481.7285741164,190531.0253678372,198498.90898147263,17,False
2024-03-14,199489.93673411637,201159.59307203643,196481.7285741164,22,False
2024-03-15,200489.80763411635,207870.57991633596,201159.59307203643,22,False
2024-03-17,200489.80763411635,206178.67416110763,207870.57991633596,26,False
2024-03-18,193344.72763411637,204337.8386221409,206178.67416110763,32,False
2024-03-19,197742.25847411633,213559.35501810134,204337.8386221409,29,False
2024-03-20,205770.07265411635,219839.0811431623,213559.35501810134,33,False
2024-03-21,216268.58253637693,216268.58253637693,216268.58253637693,0,True
2024-03-22,216268.58253637693,216268.58253637693,216268.58253637693,0,False
2024-03-24,216268.58253637693,217086.20814548666,216268.58253637693,2,False
2024-03-25,216268.58253637693,217213.87084696413,217086.20814548666,3,False
2024-03-26,216268.58253637693,217895.5647241425,217213.87084696413,3,False
2024-03-27,216268.58253637693,217468.25627404384,217895.5647241425,5,False
2024-03-28,216268.58253637693,220978.47137062845,217468.25627404384,6,False
2024-03-29,219302.14175637692,221296.41770414443,220978.47137062845,5,False
2024-03-31,219302.14175637692,223778.2179630517,221296.41770414443,7,False
2024-04-01,220275.7143563769,223723.07564503682,223778.2179630517,7,False
2024-04-02,220691.93945637692,222685.3211298971,223723.07564503682,16,False
2024-04-03,221017.2841663769,225536.14926828624,222685.3211298971,10,False
2024-04-04,224631.71700637686,225766.67685341657,225536.14926828624,10,False
2024-04-05,222006.80700637685,227244.7883915497,225766.67685341657,10,False
2024-04-07,222006.80700637685,228342.5786717884,227244.7883915497,13,False
2024-04-08,222540.27400637686,227095.87892244285,228342.5786717884,15,False
2024-04-09,219199.59753637688,221644.01134025416,227095.87892244285,16,False
2024-04-10,221071.66708637687,222463.29125788415,221644.01134025416,16,False
2024-04-11,219258.03428637687,229378.23531990347,222463.29125788415,18,False
2024-04-12,220617.5012568077,220617.5012568077,220617.5012568077,0,True
2024-04-14,218318.5512568077,221502.87293085875,220617.5012568077,4,False
2024-04-15,217700.41095680773,215722.52214146938,221502.87293085875,5,False
2024-04-16,217700.41095680773,217590.41317491163,217700.41095680773,7,False
2024-04-17,217700.41095680773,216968.8762311041,217700.41095680773,8,False
2024-04-18,217700.41095680773,222397.47689346585,217700.41095680773,17,False
2024-04-19,215003.18413156673,215003.18413156673,215003.18413156673,0,True
2024-04-21,215003.18413156673,215599.36818284699,215003.18413156673,4,False
2024-04-22,209059.1941315667,210871.55001140872,215599.36818284699,9,False
2024-04-23,209391.3055315667,209728.86973176376,210871.55001140872,14,False
2024-04-24,209647.6838215667,211986.2957057012,209728.86973176376,21,False
2024-04-25,210831.9390315667,209687.18375195877,211986.2957057012,23,False
2024-04-26,208685.26903156668,211378.80363648693,210831.9390315667,23,False
2024-04-28,208685.26903156668,218239.38570967337,211378.80363648693,30,False
2024-04-29,214178.27657156668,216578.82218985364,218239.38570967337,24,False
2024-04-30,235226.26135156667,257402.86239084852,216578.82218985364,30,False
2024-05-01,251547.36050156673,261180.42547496906,257402.86239084852,28,False
2024-05-02,256464.13873156675,255561.698172537,261180.42547496906,27,False
2024-05-03,248877.30965156673,252227.90640029105,256464.13873156675,19,False
2024-05-05,248877.30965156673,252290.2819504729,252227.90640029105,22,False
2024-05-06,249410.52695156672,255393.75359904754,252290.2819504729,24,False
2024-05-07,247224.49695156672,257345.35439932763,255393.75359904754,24,False
2024-05-08,247224.49695156672,257149.82592422454,257345.35439932763,25,False
2024-05-09,244734.30615156674,262543.35434122395,257149.82592422454,25,False
2024-05-10,243535.83177156674,260604.57102153052,262543.35434122395,22,False
2024-05-12,243535.83177156674,261504.04874310692,260604.57102153052,23,False
2024-05-13,243963.88537156675,262055.38498959094,261504.04874310692,22,False
2024-05-14,245555.61431156675,266045.9312121782,262055.38498959094,22,False
2024-05-15,254413.18903156676,262320.3072945216,266045.9312121782,17,False
2024-05-16,252017.29903156674,265827.1678932174,262320.3072945216,16,False
2024-05-17,255623.06541156676,268920.3326274654,265827.1678932174,16,False
2024-05-19,255623.06541156676,269941.9547015609,268920.3326274654,18,False
2024-05-20,257153.72105156677,280085.08323739015,269941.9547015609,17,False
2024-05-21,260923.96113156676,280312.91582908365,280085.08323739015,22,False
2024-05-22,257990.15070156677,279368.0593208545,280312.91582908365,18,False
2024-05-23,260336.65496156676,278742.1593215933,279368.0593208545,18,False
2024-05-24,260336.65496156676,280404.41979005473,278742.1593215933,18,False
2024-05-26,260336.65496156676,280232.17708400165,280404.41979005473,18,False
2024-05-27,270167.5254015668,284454.60760473664,280232.17708400165,16,False
2024-05-28,270167.5254015668,284566.72249484283,284454.60760473664,19,False
2024-05-29,270167.5254015668,295607.6479183688,284566.72249484283,26,False
2024-05-30,294894.83475525567,294894.83475525567,294894.83475525567,0,True
2024-05-31,294894.83475525567,295857.08592090884,294894.83475525567,1,False
2024-06-02,294894.83475525567,294818.6529834141,295857.08592090884,7,False
2024-06-03,295507.97385525564,311886.7624798758,294894.83475525567,11,False
2024-06-04,298043.0225552557,302921.035447701,311886.7624798758,10,False
2024-06-05,301982.6923152557,315712.10045185627,302921.035447701,12,False
2024-06-06,306118.7108652557,323960.28017957247,315712.10045185627,17,False
2024-06-07,310074.97733247664,310074.97733247664,310074.97733247664,0,True
2024-06-09,310074.97733247664,311950.7622334937,310074.97733247664,2,False
2024-06-10,310074.97733247664,309961.46082999813,311950.7622334937,2,False
2024-06-11,306829.61733247666,305369.76396755356,310074.97733247664,4,False
2024-06-12,309126.00421247666,309722.3410715559,306829.61733247666,7,False
2024-06-13,313377.83222247666,313582.96870089637,309722.3410715559,10,False
2024-06-14,312333.8104124767,313456.6671237238,313582.96870089637,5,False
2024-06-16,312333.8104124767,314294.3012974749,313456.6671237238,6,False
2024-06-17,312333.8104124767,314870.08745051076,314294.3012974749,8,False
2024-06-18,312333.8104124767,316873.2270434487,314870.08745051076,9,False
2024-06-19,308760.27041247673,321275.7798015292,316873.2270434487,15,False
2024-06-20,302728.31861247675,311614.55624205363,321275.7798015292,12,False
2024-06-21,305129.39051247673,309551.20877748565,311614.55624205363,8,False
2024-06-23,305129.39051247673,311679.424262027,309551.20877748565,10,False
2024-06-24,307783.9603724767,309858.76498313097,311679.424262027,9,False
2024-06-25,304209.2003724767,308824.44825485314,309858.76498313097,9,False
2024-06-26,304945.4611724767,312354.4349554847,308824.44825485314,8,False
2024-06-27,304945.4611724767,312279.6207133833,312354.4349554847,11,False
2024-06-28,306990.7514924767,311660.68137009646,312279.6207133833,9,False
2024-06-30,303334.7514924767,309414.3672625968,311660.68137009646,13,False
2024-07-01,305464.47225247667,315776.33064384497,309414.3672625968,14,False
2024-07-02,307963.4466924767,310903.04483477335,315776.33064384497,16,False
2024-07-03,307529.6674624767,319791.95585196104,310903.04483477335,16,False
2024-07-04,305629.2744624767,320219.99355141603,319791.95585196104,21,False
2024-07-05,319660.64690247667,338222.41887137457,320219.99355141603,17,False
2024-07-07,319660.64690247667,335694.82326729334,338222.41887137457,18,False
2024-07-08,318404.6475124767,332859.79074025934,335694.82326729334,16,False
2024-07-09,320778.3178524767,338020.8003164036,332859.79074025934,21,False
2024-07-10,335016.0274124768,364724.1013814358,338020.8003164036,26,False
2024-07-11,367558.0606124767,370792.7665962662,364724.1013814358,13,False
2024-07-12,368723.08161247673,377889.49094104924,370792.7665962662,12,False
2024-07-14,368723.08161247673,375056.9457032131,377889.49094104924,14,False
2024-07-15,375148.53645247675,370907.21672126174,375056.9457032131,10,False
2024-07-16,368717.64645247674,366815.7813568153,375148.53645247675,14,False
2024-07-17,363358.06313247676,367125.30635688175,368717.64645247674,10,False
2024-07-18,359707.9631324768,360555.23439845996,367125.30635688175,13,False
2024-07-19,354634.0237524768,357039.5547708879,360555.23439845996,10,False
2024-07-21,354634.0237524768,360119.09549385274,357039.5547708879,13,False
2024-07-22,347104.31282750244,347104.31282750244,347104.31282750244,0,True
2024-07-23,347104.31282750244,348297.73637153505,347104.31282750244,1,False
2024-07-24,343668.33282750245,344755.26702660567,348297.73637153505,3,False
2024-07-25,340218.75282750244,342417.30148387497,344755.26702660567,2,False
2024-07-26,340218.75282750244,342528.2936038057,342417.30148387497,3,False
2024-07-28,340218.75282750244,344915.6202379949,342528.2936038057,5,False
2024-07-29,342682.38633750245,350745.8162482212,344915.6202379949,7,False
2024-07-30,345937.82525750244,355129.30227891856,350745.8162482212,8,False
2024-07-31,344447.9049575025,351241.8777824874,355129.30227891856,7,False
2024-08-01,345126.5775575025,337187.4056642907,351241.8777824874,10,False
2024-08-02,338137.11697750253,346307.2289606569,345126.5775575025,5,False
2024-08-04,343690.15531750256,349500.2524343736,346307.2289606569,6,False
2024-08-05,353727.27579750255,366071.14259063866,349500.2524343736,8,False
2024-08-06,361685.1387575026,371138.00627577875,366071.14259063866,7,False
2024-08-07,364211.5144575026,372543.74590872345,371138.00627577875,7,False
2024-08-08,368728.61111750256,370506.27801239624,372543.74590872345,6,False
2024-08-09,368728.61111750256,370324.73347914894,370506.27801239624,7,False
2024-08-11,368728.61111750256,367734.5849439298,370324.73347914894,8,False
2024-08-12,368728.61111750256,370243.2774702691,368728.61111750256,11,False
2024-08-13,368728.61111750256,375739.76507815893,370243.2774702691,16,False
2024-08-14,369628.3126175026,380609.102389164,375739.76507815893,22,False
2024-08-15,377646.5844175026,385014.40557358204,380609.102389164,20,False
2024-08-16,377646.5844175026,389041.9537945131,385014.40557358204,21,False
2024-08-18,380776.2655175026,400454.8455241578,389041.9537945131,26,False
2024-08-19,387805.00918860926,387805.00918860926,387805.00918860926,0,True
2024-08-20,387805.00918860926,388488.492736209,387805.00918860926,1,False
2024-08-21,387805.00918860926,388277.8925058528,388488.492736209,1,False
2024-08-22,387805.00918860926,386986.99109385454,388277.8925058528,1,False
2024-08-23,387805.00918860926,386335.6903814566,387805.00918860926,1,False
2024-08-25,387805.00918860926,387965.8283735855,387805.00918860926,2,False
2024-08-26,388596.68778860924,387587.5694848276,387965.8283735855,1,False
2024-08-27,388596.68778860924,385930.06767183886,388596.68778860924,1,False
2024-08-28,388596.68778860924,385953.2344026163,388596.68778860924,2,False
2024-08-29,384739.1677886092,386248.88213419454,388596.68778860924,3,False
2024-08-30,386369.8216886092,389687.8882279598,386248.88213419454,2,False
2024-09-01,386369.8216886092,390682.1167138194,389687.8882279598,3,False
2024-09-02,386369.8216886092,401880.42072331475,390682.1167138194,13,False
2024-09-03,398071.9840186092,407135.6197150577,401880.42072331475,8,False
2024-09-04,396922.7137386092,397613.7651241581,407135.6197150577,6,False
2024-09-05,396922.7137386092,407551.0065903642,397613.7651241581,19,False
2024-09-06,402398.0367586093,410709.62107798515,407551.0065903642,12,False
2024-09-08,402398.0367586093,415072.71253576514,410709.62107798515,16,False
2024-09-09,405803.9928586093,410968.01104960486,415072.71253576514,18,False
2024-09-10,405803.9928586093,419507.66273316194,410968.01104960486,21,False
2024-09-11,418982.7236386094,428432.6125731812,419507.66273316194,18,False
2024-09-12,422059.74013860937,434199.57824071107,428432.6125731812,16,False
2024-09-13,422059.74013860937,433066.42847940023,434199.57824071107,17,False
2024-09-15,422059.74013860937,437392.5783413772,433066.42847940023,18,False
2024-09-16,422059.74013860937,443623.60651422077,437392.5783413772,18,False
2024-09-17,422059.74013860937,442261.3583472549,443623.60651422077,22,False
2024-09-18,435334.06223860936,449235.1707185295,442261.3583472549,20,False
2024-09-19,435008.9092786094,449036.3013183705,449235.1707185295,17,False
2024-09-20,435659.5059786094,452390.61743125657,449036.3013183705,16,False
2024-09-22,435659.5059786094,455333.46337407245,452390.61743125657,19,False
2024-09-23,435390.06437860936,443929.8812285611,455333.46337407245,14,False
2024-09-24,439915.3039386094,449743.4990917089,443929.8812285611,12,False
2024-09-25,439915.3039386094,451824.64955613774,449743.4990917089,15,False
2024-09-26,440658.5518786094,452426.7110311582,451824.64955613774,14,False
2024-09-27,439393.17154860945,441910.94790495647,452426.7110311582,12,False
2024-09-29,439393.17154860945,444241.44201852655,441910.94790495647,12,False
2024-09-30,438867.37187860947,455139.0438702879,444241.44201852655,13,False
2024-10-01,449353.4267986095,453125.451389698,455139.0438702879,9,False
2024-10-02,464578.4123586095,480752.32309242134,453125.451389698,11,False
2024-10-03,466843.3605586095,473516.73824679607,480752.32309242134,12,False
2024-10-04,466843.3605586095,472007.5864476516,473516.73824679607,12,False
2024-10-06,466843.3605586095,474613.689050653,472007.5864476516,15,False
2024-10-07,466843.3605586095,470125.7577873362,474613.689050653,17,False
2024-10-08,467998.8544586095,470255.6110839026,470125.7577873362,16,False
2024-10-09,452728.33445860946,469130.0118474694,470255.6110839026,14,False
2024-10-10,452728.33445860946,470113.8412821717,469130.0118474694,14,False
2024-10-11,456685.40129860945,475660.02147914266,470113.8412821717,13,False
2024-10-13,456685.40129860945,474726.245806958,475660.02147914266,13,False
2024-10-14,456685.40129860945,477731.391719259,474726.245806958,13,False
2024-10-15,457686.47629860946,469212.5381727165,477731.391719259,12,False
2024-10-16,457247.9350086095,465541.9733585302,469212.5381727165,11,False
2024-10-17,457247.9350086095,472583.7883977727,465541.9733585302,11,False
2024-10-18,457247.9350086095,473162.46666849585,472583.7883977727,11,False
2024-10-20,457247.9350086095,472078.9959210025,473162.46666849585,13,False
2024-10-21,462217.49301860953,479256.1224344173,472078.9959210025,12,False
2024-10-22,462217.49301860953,485937.19870892586,479256.1224344173,15,False
2024-10-23,471128.2875986096,497908.38431792235,485937.19870892586,13,False
2024-10-24,474846.70771860954,499892.1441879962,497908.38431792235,12,False
2024-10-25,481620.6678586095,503112.4141234909,499892.1441879962,11,False
2024-10-27,481620.6678586095,507256.90625756903,503112.4141234909,11,False
2024-10-28,481620.6678586095,514124.90372029855,507256.90625756903,13,False
2024-10-29,481620.6678586095,523533.1568728183,514124.90372029855,16,False
2024-10-30,494948.8728486095,549979.5138189597,523533.1568728183,24,False
2024-10-31,513933.8964486094,534279.3279005322,549979.5138189597,11,False
2024-11-01,515218.21444860945,534401.3350745344,534279.3279005322,12,False
2024-11-03,515218.21444860945,536815.0144848101,534401.3350745344,12,False
2024-11-04,515218.21444860945,541066.361822451,536815.0144848101,12,False
2024-11-05,515218.21444860945,540445.5624199443,541066.361822451,12,False
2024-11-06,534832.8510586096,559774.4539612385,540445.5624199443,10,False
2024-11-07,555361.3581586096,567540.2631030141,559774.4539612385,7,False
2024-11-08,559414.8908686095,565658.1623078882,567540.2631030141,6,False
2024-11-10,559414.8908686095,566435.8598234119,565658.1623078882,6,False
2024-11-11,553299.8008686096,562540.9708278081,566435.8598234119,5,False
2024-11-12,556115.1999786096,566298.5126100988,562540.9708278081,4,False
2024-11-13,556115.1999786096,567144.2581577679,566298.5126100988,4,False
2024-11-14,562597.3653986095,570049.8826958503,567144.2581577679,3,False
2024-11-15,563883.3444986095,568699.8858448538,570049.8826958503,3,False
2024-11-17,563883.3444986095,569019.7831541115,568699.8858448538,3,False
2024-11-18,563883.3444986095,570474.4173433554,569019.7831541115,3,False
2024-11-19,563883.3444986095,570320.9522761479,570474.4173433554,3,False
2024-11-20,563883.3444986095,571078.3319972918,570320.9522761479,3,False
2024-11-21,565337.4494986095,573667.0023403174,571078.3319972918,3,False
2024-11-22,569939.8581586095,573205.6862319224,573667.0023403174,2,False
2024-11-24,569939.8581586095,573159.6337398846,573205.6862319224,2,False
2024-11-25,574790.5224986095,580113.1122525287,573159.6337398846,2,False
2024-11-26,574790.5224986095,580190.6600810547,580113.1122525287,4,False
2024-11-27,574790.5224986095,582130.5239237626,580190.6600810547,4,False
2024-11-28,574790.5224986095,581824.6980089006,582130.5239237626,4,False
2024-11-29,576034.7366986095,581821.3786108735,581824.6980089006,3,False
2024-12-01,576034.7366986095,584223.7340759566,581821.3786108735,3,False
2024-12-02,576034.7366986095,582637.1540168812,584223.7340759566,3,False
2024-12-03,576034.7366986095,582779.8713579462,582637.1540168812,3,False
2024-12-04,576034.7366986095,585202.8285689442,582779.8713579462,3,False
2024-12-05,585311.6270786095,589727.9293483476,585202.8285689442,2,False
2024-12-06,585311.6270786095,589654.132924449,589727.9293483476,2,False
2024-12-08,585311.6270786095,590095.8675841828,589654.132924449,2,False
2024-12-09,591748.7018786096,600598.94006364,590095.8675841828,4,False
2024-12-10,591748.7018786096,605576.549095668,600598.94006364,4,False
2024-12-11,601168.8285786096,609211.8079683818,605576.549095668,3,False
2024-12-12,604165.6454786096,606855.5249709501,609211.8079683818,3,False
2024-12-13,610560.3675286096,609907.1411720114,606855.5249709501,2,False
2024-12-15,610560.3675286096,610020.8344600622,610560.3675286096,2,False
2024-12-16,610560.3675286096,609078.2638790377,610560.3675286096,2,False
2024-12-17,610560.3675286096,609899.407586218,610560.3675286096,2,False
2024-12-18,617049.8102086096,621608.6099566804,610560.3675286096,1,False
2024-12-19,617049.8102086096,621745.4284116947,621608.6099566804,1,False
2024-12-20,624542.4022086095,624542.4022086095,621745.4284116947,0,False
2024-12-22,624542.4022086095,624542.4022086095,624542.4022086095,0,False
2024-12-23,624542.4022086095,624542.4022086095,624542.4022086095,0,False
2024-12-24,624542.4022086095,624542.4022086095,624542.4022086095,0,False
2024-12-25,624542.4022086095,624600.0873020531,624542.4022086095,1,False
2024-12-26,624542.4022086095,621376.3014459556,624600.0873020531,1,False
2024-12-27,624542.4022086095,618946.3605352505,624542.4022086095,2,False
2024-12-29,624542.4022086095,617963.8513704945,624542.4022086095,2,False
2024-12-30,617121.1522086095,608846.5396286388,624542.4022086095,2,False
2024-12-31,617121.1522086095,609050.797216059,617121.1522086095,2,False
2025-01-01,617121.1522086095,609641.980329821,617121.1522086095,2,False
2025-01-02,617121.1522086095,614814.2502008942,617121.1522086095,5,False
2025-01-03,617121.1522086095,625324.7140288476,617121.1522086095,8,False
2025-01-05,617121.1522086095,627122.40257232,625324.7140288476,8,False
2025-01-06,625392.6298886095,637293.0296830996,627122.40257232,8,False
2025-01-07,641551.9060886095,630883.3622081609,637293.0296830996,6,False
2025-01-08,641551.9060886095,628099.4516449174,641551.9060886095,6,False
2025-01-09,641551.9060886095,623858.6500565704,641551.9060886095,6,False
2025-01-10,628018.8260886095,616796.7658863993,641551.9060886095,5,False
2025-01-12,628018.8260886095,616680.8850239774,628018.8260886095,5,False
2025-01-13,607819.1860886095,610274.2971711752,628018.8260886095,2,False
2025-01-14,607819.1860886095,610228.423711598,610274.2971711752,3,False
2025-01-15,607819.1860886095,609195.6816626693,610228.423711598,5,False
2025-01-16,601708.6060886096,604256.3646060821,609195.6816626693,4,False
2025-01-17,601708.6060886096,608746.1722864422,604256.3646060821,5,False
2025-01-19,606035.5863686096,602095.7302563514,608746.1722864422,5,False
2025-01-20,600019.4863686096,606299.8527538036,606035.5863686096,4,False
2025-01-21,600019.4863686096,608163.5700676768,606299.8527538036,4,False
2025-01-22,600019.4863686096,609412.0115504377,608163.5700676768,4,False
2025-01-23,600019.4863686096,612061.1146048979,609412.0115504377,4,False
2025-01-24,608321.3427286096,614598.1710003782,612061.1146048979,3,False
2025-01-26,608321.3427286096,610101.8956500705,614598.1710003782,3,False
2025-01-27,592307.8961286095,591231.4029606755,610101.8956500705,1,False
2025-01-28,592307.8961286095,589693.8305643565,592307.8961286095,1,False
2025-01-29,592307.8961286095,590247.3449710291,592307.8961286095,1,False
2025-01-30,593539.2794286095,593418.8698449307,592307.8961286095,1,False
2025-01-31,593539.2794286095,594379.9072301406,593539.2794286095,1,False
2025-02-02,587582.3394286096,590362.6307826069,594379.9072301406,1,False
2025-02-03,595936.4246486096,599009.367751855,590362.6307826069,1,False
2025-02-04,595936.4246486096,597265.1664288345,599009.367751855,1,False
2025-02-05,595936.4246486096,596694.2197159049,597265.1664288345,1,False
2025-02-06,595936.4246486096,596661.0307325922,596694.2197159049,1,False
2025-02-07,595936.4246486096,596406.5818605283,596661.0307325922,1,False
2025-02-09,597160.9556486096,597160.9556486096,596406.5818605283,0,False
2025-02-10,597160.9556486096,597160.9556486096,597160.9556486096,0,False
2025-02-11,597160.9556486096,597160.9556486096,597160.9556486096,0,False
2025-02-12,597160.9556486096,597178.4708496126,597160.9556486096,1,False
2025-02-13,597160.9556486096,596584.370300909,597178.4708496126,1,False
2025-02-14,597160.9556486096,597434.2490808663,597160.9556486096,2,False
2025-02-16,597160.9556486096,595495.8690051475,597434.2490808663,3,False
2025-02-17,597160.9556486096,597955.1591184258,597160.9556486096,3,False
2025-02-18,597160.9556486096,595760.1686173215,597955.1591184258,3,False
2025-02-19,597160.9556486096,597091.7408786556,597160.9556486096,3,False
2025-02-20,597160.9556486096,597782.7125104826,597160.9556486096,3,False
2025-02-21,597160.9556486096,594739.1187702905,597782.7125104826,3,False
2025-02-23,597160.9556486096,600124.6678183564,597160.9556486096,3,False
2025-02-24,597160.9556486096,590233.6648447417,600124.6678183564,4,False
2025-02-25,597160.9556486096,588158.558254257,597160.9556486096,4,False
2025-02-26,597160.9556486096,583304.6156744828,597160.9556486096,4,False
2025-02-27,590656.1256486096,578428.536118624,597160.9556486096,3,False
2025-02-28,590656.1256486096,575506.319720049,590656.1256486096,4,False
2025-03-02,590656.1256486096,587465.5213709022,590656.1256486096,5,False
2025-03-03,590656.1256486096,577792.4056707355,590656.1256486096,6,False
2025-03-04,575353.6947886096,577904.5360954278,590656.1256486096,2,False
2025-03-05,575353.6947886096,582149.760393263,577904.5360954278,3,False
2025-03-06,575353.6947886096,581370.6987048199,582149.760393263,3,False
2025-03-07,575353.6947886096,576848.7623916264,581370.6987048199,3,False
2025-03-09,575353.6947886096,565494.1028353851,576848.7623916264,8,False
2025-03-10,569349.6147886097,568218.2701016435,575353.6947886096,9,False
2025-03-11,572830.8932886097,587767.4300782247,569349.6147886097,9,False
2025-03-12,575356.4469886096,581427.9399294495,587767.4300782247,9,False
2025-03-13,583254.5060286096,597585.6711629219,581427.9399294495,9,False
2025-03-14,584695.1361286095,588260.2673252695,597585.6711629219,8,False
2025-03-16,586103.9989286095,595183.6698724618,588260.2673252695,10,False
2025-03-17,582832.9668286096,582447.010917316,595183.6698724618,9,False
2025-03-18,582832.9668286096,582808.3667581182,582832.9668286096,9,False
2025-03-19,579554.3561286096,591520.8296729753,582832.9668286096,13,False
2025-03-20,589882.8467686097,601847.3790201221,591520.8296729753,11,False
2025-03-21,591214.3958686097,597814.608190479,601847.3790201221,11,False
2025-03-23,591214.3958686097,597419.265217891,597814.608190479,11,False
2025-03-24,589219.8152186096,594253.3492485873,597419.265217891,9,False
2025-03-25,589219.8152186096,595040.6639069552,594253.3492485873,9,False
2025-03-26,589219.8152186096,593444.420580436,595040.6639069552,9,False
2025-03-27,589219.8152186096,602855.2984386174,593444.420580436,12,False
2025-03-28,590659.3870186097,599951.7087409316,602855.2984386174,14,False
2025-03-30,584532.0570186097,601396.9960172961,599951.7087409316,17,False
2025-03-31,583441.9344486097,621845.6575129443,601396.9960172961,21,False
2025-04-01,611635.1705557844,611635.1705557844,611635.1705557844,0,True
2025-04-02,609400.0055857843,607939.1344516041,611635.1705557844,16,False
2025-04-03,602270.2123657841,610261.0783227733,609400.0055857843,14,False
2025-04-04,628544.048235784,654750.0828824554,610261.0783227733,7,False
2025-04-06,608038.548235784,652668.4310775638,654750.0828824554,11,False
2025-04-07,629153.7937657841,649404.7026178339,652668.4310775638,6,False
2025-04-08,649229.7371457841,682542.7092928067,649404.7026178339,8,False
2025-04-09,684109.9910857842,695509.7072956952,682542.7092928067,7,False
2025-04-10,684109.9910857842,692707.6101617829,695509.7072956952,9,False
2025-04-11,694779.3073057842,676524.3080237058,692707.6101617829,7,False
2025-04-13,694779.3073057842,673579.0354343131,694779.3073057842,9,False
2025-04-14,680002.4794157842,671299.7535756144,694779.3073057842,9,False
2025-04-15,674073.6198157843,663665.1932911038,680002.4794157842,7,False
2025-04-16,674073.6198157843,662206.5531500713,674073.6198157843,7,False
2025-04-17,674073.6198157843,659425.1528515072,674073.6198157843,7,False
2025-04-18,674073.6198157843,661168.233069024,674073.6198157843,7,False
2025-04-20,674073.6198157843,660722.0931634009,674073.6198157843,7,False
2025-04-21,657597.1798157842,662941.888558072,674073.6198157843,6,False
2025-04-22,666645.4066757843,672241.6394295763,662941.888558072,6,False
2025-04-23,666645.4066757843,672113.5898659012,672241.6394295763,7,False
2025-04-24,666645.4066757843,668862.6588283317,672113.5898659012,7,False
2025-04-25,666645.4066757843,670372.194972493,668862.6588283317,7,False
2025-04-27,666645.4066757843,675674.8879368762,670372.194972493,10,False
2025-04-28,666645.4066757843,677057.3797668137,675674.8879368762,12,False
2025-04-29,666645.4066757843,685638.8718070757,677057.3797668137,13,False
2025-04-30,666645.4066757843,698462.6177809908,685638.8718070757,20,False
2025-05-01,668307.0795757843,696537.6876694902,698462.6177809908,22,False
2025-05-02,687001.0706457841,691483.8387003839,696537.6876694902,17,False
2025-05-04,687001.0706457841,697265.9671121043,691483.8387003839,21,False
2025-05-05,690480.4657457841,700928.6148459691,697265.9671121043,20,False
2025-05-06,695052.8655457842,714573.6687506859,700928.6148459691,19,False
2025-05-07,704309.3691657842,716066.9998648202,714573.6687506859,19,False
2025-05-08,703844.9030657841,715115.2141846205,716066.9998648202,18,False
2025-05-09,724200.2349857842,724703.9829980998,715115.2141846205,16,False
2025-05-11,724200.2349857842,726701.4498630791,724703.9829980998,20,False
2025-05-12,703776.090813305,703776.090813305,703776.090813305,0,True
2025-05-13,703776.090813305,703303.7897404742,703776.090813305,1,False
2025-05-14,703776.090813305,703788.6852384609,703776.090813305,2,False
2025-05-15,705239.513213305,701312.8101449944,703788.6852384609,1,False
2025-05-16,705239.513213305,701813.2904341033,705239.513213305,1,False
2025-05-18,705239.513213305,705733.0829728125,705239.513213305,3,False
2025-05-19,708322.632413305,708920.3704252624,705733.0829728125,3,False
2025-05-20,708322.632413305,714545.0877553178,708920.3704252624,6,False
2025-05-21,708322.632413305,704180.7230992804,714545.0877553178,9,False
2025-05-22,710005.412613305,712286.3849182373,708322.632413305,11,False
2025-05-23,695123.886913305,693302.100303622,712286.3849182373,11,False
2025-05-25,696898.958113305,698724.8979037143,695123.886913305,13,False
2025-05-26,688429.828113305,704856.6641654299,698724.8979037143,15,False
2025-05-27,692387.1559133051,715544.7818567842,704856.6641654299,12,False
2025-05-28,698753.5423233052,720670.1805030131,715544.7818567842,10,False
2025-05-29,711694.4291933052,718421.5796399921,720670.1805030131,9,False
2025-05-30,714788.5877933052,712542.4669272092,718421.5796399921,8,False
2025-06-01,714788.5877933052,712277.1485510258,714788.5877933052,8,False
2025-06-02,714788.5877933052,719058.5846267582,714788.5877933052,9,False
2025-06-03,716721.6353933052,722965.5513143223,719058.5846267582,8,False
2025-06-04,716721.6353933052,718455.0303299958,722965.5513143223,8,False
2025-06-05,697905.8815333052,695517.8124126302,718455.0303299958,5,False
2025-06-06,697905.8815333052,699143.4171585249,697905.8815333052,5,False
2025-06-08,697905.8815333052,697933.2348059379,699143.4171585249,7,False
2025-06-09,701046.9387333052,711108.9460366119,697933.2348059379,7,False
2025-06-10,701046.9387333052,714173.1638470057,711108.9460366119,7,False
2025-06-11,710402.6725333052,710054.4575596947,714173.1638470057,8,False
2025-06-12,711855.5386333052,702266.0249425293,710402.6725333052,8,False
2025-06-13,715076.7475333052,718299.6030424411,711855.5386333052,8,False
2025-06-15,715076.7475333052,716395.5611965588,718299.6030424411,8,False
2025-06-16,716774.7466333052,714838.6769140752,716395.5611965588,10,False
2025-06-17,712676.7536633052,712168.4119738798,716774.7466333052,6,False
2025-06-18,712676.7536633052,713237.863846622,712676.7536633052,7,False
2025-06-19,714263.5440633052,706528.1330016989,713237.863846622,9,False
2025-06-20,714263.5440633052,720141.6014320045,714263.5440633052,11,False
2025-06-22,705807.6340633052,715552.889278121,720141.6014320045,12,False
2025-06-23,678423.2340633052,700972.2975852041,715552.889278121,13,False
2025-06-24,681643.8346633052,702112.7667599111,700972.2975852041,11,False
2025-06-25,677604.0446633052,707456.7252726777,702112.7667599111,11,False
2025-06-26,723676.6160633051,725909.3515484115,707456.7252726777,6,False
2025-06-27,726736.6641033051,724153.7128698572,725909.3515484115,3,False
2025-06-29,726736.6641033051,727749.4739618097,726736.6641033051,4,False
2025-06-30,728274.1151033051,728712.5049436581,727749.4739618097,5,False
2025-07-01,729995.2285033051,731075.3827163797,728712.5049436581,6,False
2025-07-02,735930.8421133051,730067.0755037337,731075.3827163797,6,False
2025-07-03,736762.5446133051,729454.7552770242,735930.8421133051,5,False
2025-07-04,736762.5446133051,726744.5506780568,736762.5446133051,5,False
2025-07-06,736762.5446133051,736166.1254623216,736762.5446133051,7,False
2025-07-07,743995.2229933051,741724.15184106,736762.5446133051,6,False
2025-07-08,743995.2229933051,746146.3201082301,743995.2229933051,6,False
2025-07-09,736868.562993305,745290.1301341112,746146.3201082301,5,False
2025-07-10,749469.745753305,756598.7201692418,745290.1301341112,5,False
2025-07-11,749469.745753305,757047.2104343267,756598.7201692418,5,False
2025-07-13,749469.745753305,756310.4440232326,757047.2104343267,6,False
2025-07-14,759357.682793305,765009.668851796,756310.4440232326,8,False
2025-07-15,772371.748533305,772612.5533100128,765009.668851796,8,False
2025-07-16,780536.876073305,776845.3885755378,772612.5533100128,6,False
2025-07-17,784212.948373305,776037.3676949764,780536.876073305,5,False
2025-07-18,784212.948373305,775932.8014854502,784212.948373305,5,False
2025-07-20,784212.948373305,775679.8461507211,784212.948373305,6,False
2025-07-21,784212.948373305,792554.7543935034,784212.948373305,8,False
2025-07-22,786107.740873305,806812.1952328089,792554.7543935034,8,False
2025-07-23,788025.181373305,809671.4801100863,806812.1952328089,7,False
2025-07-24,788025.181373305,804656.2164554883,809671.4801100863,8,False
2025-07-25,789682.774573305,791920.3756574268,804656.2164554883,7,False
2025-07-27,802291.883193305,848259.0771671198,791920.3756574268,16,False
2025-07-28,850181.009563305,834148.0350248561,848259.0771671198,8,False
2025-07-29,845700.041363305,843945.3095506035,850181.009563305,13,False
2025-07-30,808448.4738420765,808448.4738420765,808448.4738420765,0,True
2025-07-31,800010.1038420765,795476.4273089896,808448.4738420765,10,False
2025-08-01,805417.5679520766,818677.2971877211,800010.1038420765,7,False
2025-08-03,805417.5679520766,819825.1317101972,818677.2971877211,11,False
2025-08-04,789011.9679520766,814567.2893637986,819825.1317101972,11,False
2025-08-05,789011.9679520766,797041.9658550984,814567.2893637986,15,False
2025-08-06,801135.5911520766,837332.3299640286,797041.9658550984,19,False
2025-08-07,808108.7227520767,826040.9490707595,837332.3299640286,16,False
2025-08-08,799351.5327520767,836058.0201118438,826040.9490707595,15,False
2025-08-10,823033.7645320767,848450.1104267208,836058.0201118438,16,False
2025-08-11,824560.5189320766,841995.4837537686,848450.1104267208,17,False
2025-08-12,832125.7865320767,851968.2681209639,841995.4837537686,17,False
2025-08-13,834106.9712320766,865016.0688729212,851968.2681209639,18,False
2025-08-14,871034.1200420767,866999.044492025,865016.0688729212,16,False
2025-08-15,871034.1200420767,872417.6677507538,871034.1200420767,17,False
2025-08-17,871034.1200420767,877510.2139266828,872417.6677507538,18,False
2025-08-18,865279.0333420767,867398.8618988628,877510.2139266828,15,False
2025-08-19,857253.3433420768,856816.3188545132,867398.8618988628,17,False
2025-08-20,841817.3794220766,865789.8549103109,857253.3433420768,13,False
2025-08-21,845341.4867820765,860923.0599078375,865789.8549103109,15,False
2025-08-22,854244.6387820765,896433.6613693135,860923.0599078375,15,False
2025-08-24,854244.6387820765,901020.3743706205,896433.6613693135,19,False
2025-08-25,863356.3457720765,879873.1962762441,901020.3743706205,13,False
2025-08-26,864883.4389720765,898779.2637150981,879873.1962762441,14,False
2025-08-27,867010.2603720765,885280.5581280678,898779.2637150981,14,False
2025-08-28,867010.2603720765,885137.0515893834,885280.5581280678,14,False
2025-08-29,867010.2603720765,884595.2266099927,885137.0515893834,14,False
2025-08-31,867010.2603720765,885360.2142410207,884595.2266099927,15,False
2025-09-01,880845.8705420764,910185.316520791,885360.2142410207,16,False
2025-09-02,930097.7675020766,921902.7705340772,910185.316520791,10,False
2025-09-03,932332.5933020766,928027.2250705297,930097.7675020766,12,False
2025-09-04,932332.5933020766,958414.0060709737,932332.5933020766,17,False
2025-09-05,949792.5944820766,973209.1572848759,958414.0060709737,13,False
2025-09-07,952070.0874820766,975300.8029318757,973209.1572848759,13,False
2025-09-08,929626.8374820766,952919.1896744171,975300.8029318757,11,False
2025-09-09,929626.8374820766,946224.2884286584,952919.1896744171,12,False
2025-09-10,944558.1109020766,944587.9675736182,946224.2884286584,13,False
2025-09-11,954577.0512920767,942161.9582466746,944587.9675736182,11,False
2025-09-12,965424.9066320767,958123.2325025852,954577.0512920767,10,False
2025-09-14,965424.9066320767,955416.228793159,965424.9066320767,10,False
2025-09-15,967518.2971320767,954708.2808408472,965424.9066320767,9,False
2025-09-16,958776.3771320767,979933.5992394033,967518.2971320767,9,False
2025-09-17,958776.3771320767,988496.8646078013,979933.5992394033,13,False
2025-09-18,962642.2144320767,1024558.7627853496,988496.8646078013,16,False
2025-09-19,968603.3227320767,1022565.196138728,1024558.7627853496,13,False
2025-09-21,968603.3227320767,1023755.9815483403,1022565.196138728,14,False
2025-09-22,969931.9213320768,1026504.2824683198,1023755.9815483403,13,False
2025-09-23,982392.6774320768,1037775.8651582857,1026504.2824683198,13,False
2025-09-24,1001694.1716320767,1043987.4518367174,1037775.8651582857,10,False
2025-09-25,1013235.3693720767,1035749.0888454143,1043987.4518367174,9,False
2025-09-26,1013235.3693720767,1037364.8143957554,1035749.0888454143,9,False
2025-09-28,1013235.3693720767,1041609.718667282,1037364.8143957554,9,False
2025-09-29,1013235.3693720767,1077407.3098488564,1041609.718667282,14,False
2025-09-30,1023406.2763720768,1062035.8053295366,1077407.3098488564,15,False
2025-10-01,1011431.9328220768,1039686.72726032,1062035.8053295366,10,False
2025-10-02,1020100.8183220768,1026673.9530800625,1039686.72726032,11,False
2025-10-03,1020100.8183220768,1031214.9804635838,1026673.9530800625,13,False
2025-10-05,1043071.4498020769,1054806.1763303434,1031214.9804635838,14,False
2025-10-06,1046852.176742077,1049753.2779831998,1054806.1763303434,11,False
2025-10-07,1035564.346742077,1033034.8036103362,1049753.2779831998,11,False
2025-10-08,1033147.7322220771,1059365.5219494207,1035564.346742077,10,False
2025-10-09,1035295.362322077,1065307.0805762287,1059365.5219494207,20,False
2025-10-10,1080505.6783020764,1120453.0651154004,1065307.0805762287,9,False
2025-10-12,1069227.9883020765,1084826.9490056157,1120453.0651154004,9,False
2025-10-13,1071489.1549020766,1069978.6624656757,1084826.9490056157,11,False
2025-10-14,1076085.0220020765,1078992.7726918156,1071489.1549020766,11,False
2025-10-15,1083748.9892720764,1121513.5066296207,1078992.7726918156,15,False
2025-10-16,1086064.8239720764,1114985.6691136663,1121513.5066296207,14,False
2025-10-17,1123378.6782120764,1142522.3092117638,1114985.6691136663,13,False
2025-10-19,1130195.3458720765,1140204.0079678562,1142522.3092117638,16,False
2025-10-20,1137786.2822320764,1188697.5269127686,1140204.0079678562,21,False
2025-10-21,1166766.0689320765,1205407.330238681,1188697.5269127686,22,False
2025-10-22,1174972.7611320764,1186385.9794394246,1205407.330238681,21,False
2025-10-23,1177436.5813320763,1180486.8424549531,1186385.9794394246,20,False
2025-10-24,1177436.5813320763,1188565.878574469,1180486.8424549531,20,False
2025-10-26,1150525.2013320762,1195155.5846828937,1188565.878574469,21,False
2025-10-27,1163355.7040120761,1203887.804600982,1195155.5846828937,19,False
2025-10-28,1138576.5239120761,1188117.0993691625,1203887.804600982,21,False
2025-10-29,1180151.3112738666,1180151.3112738666,1180151.3112738666,0,True
2025-10-30,1168467.3312738666,1168467.3312738666,1180151.3112738666,0,False
2025-10-31,1168467.3312738666,1168467.3312738666,1168467.3312738666,0,False
2025-11-02,1168467.3312738666,1168281.496510816,1168467.3312738666,1,False
2025-11-03,1156898.2412738665,1149417.6475746494,1168467.3312738666,1,False
2025-11-04,1147735.5401738666,1145154.4651167865,1156898.2412738665,1,False
2025-11-05,1147735.5401738666,1149266.4184662837,1147735.5401738666,1,False
2025-11-06,1147735.5401738666,1142536.004257437,1149266.4184662837,1,False
2025-11-07,1136282.0301738665,1136282.0301738665,1147735.5401738666,0,False
2025-11-09,1136282.0301738665,1136282.0301738665,1136282.0301738665,0,False
2025-11-10,1136282.0301738665,1148336.9444806506,1136282.0301738665,4,False
2025-11-11,1138644.5679738666,1149506.9803908775,1148336.9444806506,4,False
2025-11-12,1138644.5679738666,1140888.8482319128,1149506.9803908775,4,False
2025-11-13,1143369.2298738665,1131442.211853299,1140888.8482319128,3,False
2025-11-14,1120870.3698738664,1127186.649305392,1143369.2298738665,1,False
2025-11-16,1120870.3698738664,1128589.633230892,1127186.649305392,1,False
2025-11-17,1120870.3698738664,1122852.2210660332,1128589.633230892,2,False
2025-11-18,1109773.0898738664,1122486.0199101984,1122852.2210660332,2,False
2025-11-19,1125805.0997938665,1131344.349629617,1122486.0199101984,1,False
2025-11-20,1125805.0997938665,1129196.9775167687,1131344.349629617,1,False
2025-11-21,1128126.6574938665,1128126.6574938665,1129196.9775167687,0,False
2025-11-23,1128126.6574938665,1128126.6574938665,1128126.6574938665,0,False
2025-11-24,1128126.6574938665,1128126.6574938665,1128126.6574938665,0,False
2025-11-25,1128126.6574938665,1128126.6574938665,1128126.6574938665,0,False
2025-11-26,1128126.6574938665,1134799.1599162938,1128126.6574938665,1,False
2025-11-27,1128126.6574938665,1136382.0979675688,1134799.1599162938,1,False
2025-11-28,1128126.6574938665,1133384.2953231975,1136382.0979675688,1,False
2025-11-30,1128126.6574938665,1132675.087024241,1133384.2953231975,1,False
2025-12-01,1142089.2243438666,1142089.2243438666,1132675.087024241,0,False
2025-12-02,1142089.2243438666,1142089.2243438666,1142089.2243438666,0,False
2025-12-03,1142089.2243438666,1142089.2243438666,1142089.2243438666,0,False
2025-12-04,1142089.2243438666,1142089.2243438666,1142089.2243438666,0,False
2025-12-05,1142089.2243438666,1142089.2243438666,1142089.2243438666,0,False
2025-12-07,1142089.2243438666,1148279.306978648,1142089.2243438666,1,False
2025-12-08,1142089.2243438666,1148451.4889248337,1148279.306978648,1,False
2025-12-09,1142089.2243438666,1151424.9364213631,1148451.4889248337,1,False
2025-12-10,1160461.6368038666,1160461.6368038666,1151424.9364213631,0,False
2025-12-11,1160461.6368038666,1160461.6368038666,1160461.6368038666,0,False
2025-12-12,1160461.6368038666,1160461.6368038666,1160461.6368038666,0,False
2025-12-14,1160461.6368038666,1160461.6368038666,1160461.6368038666,0,False
2025-12-15,1160461.6368038666,1160461.6368038666,1160461.6368038666,0,False
2025-12-16,1160461.6368038666,1160461.6368038666,1160461.6368038666,0,False
2025-12-17,1160461.6368038666,1160461.6368038666,1160461.6368038666,0,False
2025-12-18,1160461.6368038666,1160461.6368038666,1160461.6368038666,0,False
2025-12-19,1160461.6368038666,1160461.6368038666,1160461.6368038666,0,False
2025-12-21,1160461.6368038666,1160461.6368038666,1160461.6368038666,0,False
2025-12-22,1160461.6368038666,1160461.6368038666,1160461.6368038666,0,False
2025-12-23,1160461.6368038666,1160461.6368038666,1160461.6368038666,0,False
2025-12-24,1160461.6368038666,1160461.6368038666,1160461.6368038666,0,False
2025-12-25,1160461.6368038666,1160461.6368038666,1160461.6368038666,0,False
2025-12-26,1160461.6368038666,1160461.6368038666,1160461.6368038666,0,False
2025-12-28,1160461.6368038666,1160461.6368038666,1160461.6368038666,0,False
2025-12-29,1160461.6368038666,1160461.6368038666,1160461.6368038666,0,False
2025-12-30,1160461.6368038666,1160461.6368038666,1160461.6368038666,0,
