Trade #,Challenge #,Challenge Step,Symbol,Direction,Confluence Score,Entry Date,Entry Price,Stop Loss Price,TP1 Price,TP2 Price,TP3 Price,TP4 Price,TP5 Price,Exit Date,Exit Price,TP1 Hit?,TP2 Hit?,TP3 Hit?,TP4 Hit?,TP5 Hit?,SL Hit?,Final Exit Reason,R Multiple,Profit/Loss USD,Result,Risk Pips,Holding Time (hours),Price Data Validated?,Validation Notes,Lot Size
1,1,1,GBP_USD,BULLISH,5/7,2024-03-28 21:00:00,1.26723852,1.2497876392722433,1.277709048436654,1.288179576873308,1.3021402814555134,,,2024-04-11 21:00:00,1.2497876392722433,NO,NO,NO,NO,NO,YES (2024-04-11),SL,-1.00R,$-2185.00,LOSS,1745.1,336.0,NO,Entry price 1.26723852 outside candle range [1.261-1.26452],0.13
2,1,1,EUR_JPY,BULLISH,3/7,2024-03-28 21:00:00,160.860904,157.54807518394222,162.84860128963467,164.83629857926934,167.48656163211558,,,2024-04-04 21:00:00,164.37250254502126,NO,YES (2024-04-04),NO,NO,NO,NO,TP2+Trail,+1.06R,$+1540.82,WIN,3312.8,168.0,NO,Entry price 160.860904 outside candle range [162.936-163.432],0.07
3,1,1,GBP_JPY,BULLISH,4/7,2024-03-28 21:00:00,190.10501,187.36768888910123,191.74740266653924,193.3897953330785,195.57965222179752,,,2024-04-11 21:00:00,190.26924926665393,YES (2024-04-11),NO,NO,NO,NO,NO,TP1+Trail,+0.06R,$+119.70,BREAKEVEN,2737.3,336.0,NO,Entry price 190.10501 outside candle range [190.782-191.228],0.11
4,1,1,GBP_CHF,BULLISH,4/7,2024-03-28 21:00:00,1.11108188,1.0731394112217119,1.1338473612669728,1.1566128425339457,1.1869668175565762,,,2024-05-29 21:00:00,1.1513008969049854,NO,YES (2024-05-29),NO,NO,NO,NO,TP2+Trail,+1.06R,$+2114.70,WIN,3794.2,1488.0,NO,Entry price 1.11108188 outside candle range [1.1366-1.13994],0.05
5,1,1,GBP_CAD,BULLISH,6/7,2024-03-28 21:00:00,1.70952,1.6885231764376545,1.7221180941374072,1.7347161882748146,1.7515136471246908,,,2024-04-18 21:00:00,1.7107798094137407,YES (2024-04-18),NO,NO,NO,NO,NO,TP1+Trail,+0.06R,$+163.02,BREAKEVEN,2099.7,504.0,YES,Entry price validated against OANDA candle; Exit price validated against OANDA candle,0.13
6,1,1,GBP_NZD,BULLISH,4/7,2024-03-28 21:00:00,2.06537364,2.031542710326491,2.0856721978041053,2.1059707556082103,2.1330354993470175,,,2024-04-03 21:00:00,2.1012344254539195,NO,YES (2024-04-03),NO,NO,NO,NO,TP2+Trail,+1.06R,$+2215.40,WIN,3383.1,144.0,NO,Entry price 2.06537364 outside candle range [2.10821-2.11562],0.06
7,1,1,CHF_JPY,BULLISH,4/7,2024-03-28 21:00:00,168.878212,166.5445565105608,170.2784052936635,171.67859858732703,173.54552297887838,,,2024-04-29 21:00:00,171.35188681880553,NO,YES (2024-04-29),NO,NO,NO,NO,TP2+Trail,+1.06R,$+2316.10,WIN,2333.7,768.0,NO,Entry price 168.878212 outside candle range [167.546-168.07],0.14
8,1,1,EUR_CAD,BULLISH,5/7,2024-04-01 21:00:00,1.45835524,1.4431071397435196,1.4675041001538882,1.4766529603077765,1.4888514405129607,,,2024-04-22 21:00:00,1.4592701260153889,YES (2024-04-22),NO,NO,NO,NO,NO,TP1+Trail,+0.06R,$+173.05,BREAKEVEN,1524.8,504.0,YES,Entry price validated against OANDA candle; Exit price validated against OANDA candle,0.19
9,1,1,XAU_USD,BULLISH,3/7,2024-04-01 21:00:00,2075.45402,1968.7199036022814,2139.494489838631,2203.5349596772626,2288.9222527954375,,,2024-04-09 21:00:00,2300.129335017198,NO,NO,NO,NO,NO,NO,TP4+Trail,+2.11R,$+4487.44,WIN,10673.4,192.0,NO,Entry price 2075.45402 outside candle range [2246.715-2281.155],0.20
10,1,1,SPX500_USD,BULLISH,4/7,2024-04-01 21:00:00,5070.195,4922.012724602913,5159.104365238251,5248.013730476503,5366.5595507941725,,,2024-04-04 21:00:00,5227.268211920911,NO,YES (2024-04-04),NO,NO,NO,NO,TP2+Trail,+1.06R,$+2658.48,WIN,14818227.5,72.0,NO,Entry price 5070.195 outside candle range [5189.3-5249.6],0.00
11,1,1,AUD_NZD,BULLISH,3/7,2024-04-02 21:00:00,1.06704806,1.0550784351619826,1.0742298349028105,1.081411609805621,1.090987309676035,,,2024-04-16 21:00:00,1.0860199153682577,NO,NO,YES (2024-04-16),NO,NO,NO,TP3+Trail,+1.58R,$+3378.90,WIN,1197.0,336.0,NO,Entry price 1.06704806 outside candle range [1.0903-1.09376],0.18
12,1,1,EUR_USD,BULLISH,4/7,2024-04-03 21:00:00,1.08043666,1.0666155217730156,1.0887293429361906,1.0970220258723813,1.1080789364539687,,,2024-04-11 21:00:00,1.0666155217730156,NO,NO,NO,NO,NO,YES (2024-04-11),SL,-1.00R,$-2508.00,LOSS,1382.1,192.0,NO,Entry price 1.08043666 outside candle range [1.08319-1.08766],0.18
13,1,1,AUD_USD,BULLISH,3/7,2024-04-08 21:00:00,0.65501564,0.6450777055272742,0.6609784006836356,0.666941161367271,0.6748915089454517,,,2024-04-10 21:00:00,0.6556119160683636,YES (2024-04-10),NO,NO,NO,NO,NO,TP1+Trail,+0.06R,$+95.99,BREAKEVEN,993.8,48.0,NO,Entry price 0.65501564 outside candle range [0.65986-0.66444],0.16
14,1,1,EUR_JPY,BULLISH,4/7,2024-04-08 21:00:00,162.219886,159.75857121339223,163.69667487196466,165.17346374392932,167.14251557321555,,,2024-04-29 21:00:00,167.40095362580936,NO,NO,NO,NO,NO,NO,TP4+Trail,+2.10R,$+3959.50,WIN,2461.3,504.0,NO,Entry price 162.219886 outside candle range [164.546-165.176],0.11
15,1,1,AUD_CAD,BULLISH,3/7,2024-04-08 21:00:00,0.8858936,0.8777802244772306,0.8907616253136615,0.8956296506273231,0.9021203510455387,,,2024-04-10 21:00:00,0.8944937780541354,NO,YES (2024-04-10),NO,NO,NO,NO,TP2+Trail,+1.06R,$+1977.75,WIN,811.3,48.0,NO,Entry price 0.8858936 outside candle range [0.89606-0.90074],0.23
16,1,2,SPX500_USD,BULLISH,4/7,2024-04-09 21:00:00,5071.1118,4917.014444978264,5163.570213013041,5256.028626026083,5379.3065100434715,,,2024-04-15 21:00:00,5080.357641301303,YES (2024-04-15),NO,NO,NO,NO,NO,TP1+Trail,+0.06R,$+125.69,BREAKEVEN,15409735.5,144.0,NO,Entry price 5071.1118 outside candle range [5135.8-5241.9],0.00
17,1,2,XAU_USD,BULLISH,3/7,2024-04-10 21:00:00,2075.45402,1966.65551585438,2140.7331224873724,2206.012224974744,2293.0510282912405,,,2024-04-22 21:00:00,2304.474871226531,NO,NO,NO,NO,NO,NO,TP4+Trail,+2.11R,$+3748.16,WIN,10879.9,288.0,NO,Entry price 2075.45402 outside candle range [2325.74-2377.755],0.16
18,1,2,AUD_USD,BULLISH,4/7,2024-04-11 21:00:00,0.65501564,0.644721515686378,0.6611921145881732,0.6673685891763463,0.675603888627244,,,2024-04-15 21:00:00,0.644721515686378,NO,NO,NO,NO,NO,YES (2024-04-15),SL,-1.00R,$-2199.57,LOSS,1029.4,96.0,NO,Entry price 0.65501564 outside candle range [0.64561-0.65433],0.21
19,1,2,AUD_CAD,BULLISH,4/7,2024-04-11 21:00:00,0.888071,0.8775779257202899,0.8943668445678261,0.9006626891356522,0.9090571485594203,,,2024-05-21 21:00:00,0.9047025227333406,NO,NO,YES (2024-05-21),NO,NO,NO,TP3+Trail,+1.58R,$+2988.27,WIN,1049.3,960.0,NO,Entry price 0.888071 outside candle range [0.88968-0.89554],0.18
20,1,2,GBP_NZD,BULLISH,4/7,2024-04-15 21:00:00,2.06808202,2.031598648222131,2.0899720430667212,2.1118620661334426,2.141048763555738,,,2024-04-17 21:00:00,2.106754394084541,NO,YES (2024-04-17),NO,NO,NO,NO,TP2+Trail,+1.06R,$+2331.54,WIN,3648.3,48.0,NO,Entry price 2.06808202 outside candle range [2.10702-2.12054],0.06
21,1,2,GBP_JPY,BULLISH,4/7,2024-04-16 21:00:00,190.10501,187.31288885315928,191.78028268810442,193.45555537620885,195.68925229368142,,,2024-04-29 21:00:00,195.9824250140997,NO,NO,NO,NO,NO,NO,TP4+Trail,+2.10R,$+5335.62,WIN,2792.1,312.0,NO,Entry price 190.10501 outside candle range [191.684-192.844],0.14
22,2,1,EUR_USD,BULLISH,3/7,2024-04-17 21:00:00,1.08043666,1.0662997733245136,1.0889187920052916,1.0974009240105835,1.1087104333509725,,,2024-04-18 21:00:00,1.0662997733245136,NO,NO,NO,NO,NO,YES (2024-04-18),SL,-1.00R,$-1615.00,LOSS,1413.7,24.0,NO,Entry price 1.08043666 outside candle range [1.06415-1.06901],0.11
23,2,1,GBP_USD,BULLISH,4/7,2024-04-17 21:00:00,1.26749808,1.2499425077562434,1.278031423346254,1.288564766692508,1.3026092244875132,,,2024-04-18 21:00:00,1.2499425077562434,NO,NO,NO,NO,NO,YES (2024-04-18),SL,-1.00R,$-1710.00,LOSS,1755.6,24.0,NO,Entry price 1.26749808 outside candle range [1.24336-1.24846],0.10
24,2,1,AUD_USD,BULLISH,4/7,2024-04-17 21:00:00,0.65501564,0.6430650408055313,0.6621859995166812,0.6693563590333624,0.6789168383889375,,,2024-04-18 21:00:00,0.6430650408055313,NO,NO,NO,NO,NO,YES (2024-04-18),SL,-1.00R,$-1520.00,LOSS,1195.1,24.0,NO,Entry price 0.65501564 outside candle range [0.64166-0.64564],0.13
25,2,1,AUD_NZD,BULLISH,4/7,2024-04-17 21:00:00,1.07172756,1.055095926111884,1.0817065403328696,1.0916855206657392,1.1049908277762321,,,2024-05-16 21:00:00,1.089357091921403,NO,YES (2024-05-16),NO,NO,NO,NO,TP2+Trail,+1.06R,$+1127.84,WIN,1663.2,696.0,NO,Entry price 1.07172756 outside candle range [1.0869-1.08944],0.06
26,2,1,SPX500_USD,BULLISH,4/7,2024-04-17 21:00:00,5071.1118,4914.348910088272,5165.169533947036,5259.2272678940735,5384.637579823456,,,2024-05-29 21:00:00,5237.280463306432,NO,YES (2024-05-29),NO,NO,NO,NO,TP2+Trail,+1.06R,$+2114.70,WIN,15676289.0,1008.0,NO,Entry price 5071.1118 outside candle range [5005.4-5060.4],0.00
27,2,1,GBP_USD,BULLISH,4/7,2024-04-22 21:00:00,1.26749808,1.2497057847490056,1.2781734571505965,1.2888488343011932,1.3030826705019887,,,2024-04-23 21:00:00,1.2497057847490056,NO,NO,NO,NO,NO,YES (2024-04-23),SL,-1.00R,$-2090.00,LOSS,1779.2,24.0,NO,Entry price 1.26749808 outside candle range [1.23317-1.24586],0.12
28,2,1,GBP_CAD,BULLISH,5/7,2024-04-22 21:00:00,1.71262322,1.6981745963645483,1.721292394181271,1.729961568362542,1.7415204672709035,,,2024-05-01 21:00:00,1.713490137418127,YES (2024-05-01),NO,NO,NO,NO,NO,TP1+Trail,+0.06R,$+118.00,BREAKEVEN,1444.9,216.0,NO,Entry price 1.71262322 outside candle range [1.69019-1.7026],0.14
29,2,1,GBP_NZD,BULLISH,4/7,2024-04-22 21:00:00,2.06920892,2.031246348315084,2.0919864630109495,2.1147640060218986,2.1451340633698313,,,2024-05-01 21:00:00,2.109449245986011,NO,YES (2024-05-01),NO,NO,NO,NO,TP2+Trail,+1.06R,$+1812.60,WIN,3796.3,216.0,NO,Entry price 2.06920892 outside candle range [2.08425-2.0992],0.05
30,2,1,AUD_USD,BULLISH,4/7,2024-04-23 21:00:00,0.65501564,0.6447667960321394,0.6611649463807164,0.6673142527614327,0.6755133279357213,,,2024-05-15 21:00:00,0.6658794146059323,NO,YES (2024-05-15),NO,NO,NO,NO,TP2+Trail,+1.06R,$+2114.70,WIN,1024.9,528.0,NO,Entry price 0.65501564 outside candle range [0.64828-0.65297],0.19
31,2,1,XAU_USD,BULLISH,3/7,2024-04-23 21:00:00,2155.16787,1962.596697243622,2270.710573653827,2386.253277307654,2540.3102155127567,,,2024-05-22 21:00:00,2359.293313121761,NO,YES (2024-05-22),NO,NO,NO,NO,TP2+Trail,+1.06R,$+1883.20,WIN,19257.1,696.0,NO,Entry price 2155.16787 outside candle range [2311.815-2337.385],0.09
32,2,1,EUR_CAD,BULLISH,5/7,2024-04-25 21:00:00,1.46356498,1.4517242471593115,1.470669419704413,1.477773859408826,1.4872464456813768,,,2024-05-08 21:00:00,1.4761161568111296,NO,YES (2024-05-08),NO,NO,NO,NO,TP2+Trail,+1.06R,$+2662.51,WIN,1184.1,312.0,YES,Entry price validated against OANDA candle; Exit price validated against OANDA candle,0.21
33,2,1,EUR_USD,BULLISH,5/7,2024-04-30 21:00:00,1.07463364,1.0568227203137979,1.0853201918117215,1.0960067436234426,1.1102554793724044,,,2024-06-10 21:00:00,1.075702295181172,YES (2024-06-10),NO,NO,NO,NO,NO,TP1+Trail,+0.06R,$+157.32,BREAKEVEN,1781.1,984.0,NO,Entry price 1.07463364 outside candle range [1.06494-1.07328],0.15
34,2,1,GBP_USD,BULLISH,5/7,2024-04-30 21:00:00,1.2529,1.2290708608890875,1.2671974834665474,1.2814949669330948,1.3005582782218248,,,2024-06-04 21:00:00,1.2781588874575671,NO,YES (2024-06-04),NO,NO,NO,NO,TP2+Trail,+1.06R,$+2779.32,WIN,2382.9,840.0,YES,Entry price validated against OANDA candle; Exit price validated against OANDA candle,0.11
35,2,1,EUR_JPY,BULLISH,4/7,2024-04-30 21:00:00,163.45156,161.49916637860247,164.62299617283853,165.79443234567705,167.35634724279507,,,2024-05-02 21:00:00,166.54610388991512,NO,NO,YES (2024-05-02),NO,NO,NO,TP3+Trail,+1.59R,$+3975.18,WIN,1952.4,48.0,NO,Entry price 163.45156 outside candle range [164.063-168.669],0.19
36,2,1,CHF_JPY,BULLISH,5/7,2024-04-30 21:00:00,168.18986,165.82800577131135,169.6069725372132,171.0240850744264,172.91356845737732,,,2024-05-02 21:00:00,168.33157125372134,YES (2024-05-02),NO,NO,NO,NO,NO,TP1+Trail,+0.06R,$+173.05,BREAKEVEN,2361.9,48.0,YES,Entry price validated against OANDA candle; Exit price validated against OANDA candle,0.18
37,2,1,GBP_JPY,BULLISH,6/7,2024-05-02 21:00:00,193.02784400000002,188.99211811642965,195.44927953014223,197.87071506028445,201.09929576714075,,,2024-06-03 21:00:00,197.3057134365846,NO,YES (2024-06-03),NO,NO,NO,NO,TP2+Trail,+1.06R,$+3180.00,WIN,4035.7,768.0,NO,Entry price 193.02784400000002 outside candle range [191.37-192.752],0.11
38,2,1,GBP_NZD,BULLISH,3/7,2024-05-08 21:00:00,2.0893333800000002,2.0603790782904126,2.106705961025753,2.1240785420515054,2.1472419834191756,,,2024-07-17 21:00:00,2.1352259482096967,NO,NO,YES (2024-07-17),NO,NO,NO,TP3+Trail,+1.58R,$+3378.90,WIN,2895.4,1680.0,NO,Entry price 2.0893333800000002 outside candle range [2.0749-2.08412],0.07
39,2,1,EUR_JPY,BULLISH,4/7,2024-05-09 21:00:00,164.997514,161.5330750175357,167.07617738947857,169.15484077895715,171.92639196492857,,,2024-05-14 21:00:00,168.66981932141215,NO,YES (2024-05-14),NO,NO,NO,NO,TP2+Trail,+1.06R,$+2658.48,WIN,3464.4,120.0,NO,Entry price 164.997514 outside candle range [167.42-167.966],0.11
40,2,2,EUR_CAD,BULLISH,3/7,2024-05-13 21:00:00,1.4638362,1.4515722719413755,1.4711945568351747,1.4785529136703495,1.488364056117249,,,2024-05-16 21:00:00,1.476835963742142,NO,YES (2024-05-16),NO,NO,NO,NO,TP2+Trail,+1.06R,$+1893.37,WIN,1226.4,72.0,NO,Entry price 1.4638362 outside candle range [1.4739-1.47834],0.15
41,2,2,CHF_JPY,BULLISH,4/7,2024-05-14 21:00:00,169.113536,165.89118093417343,171.04694903949596,172.9803620789919,175.55824613165316,,,2024-07-10 21:00:00,175.89659341356497,NO,NO,NO,NO,NO,NO,TP4+Trail,+2.11R,$+4644.64,WIN,3222.4,1368.0,NO,Entry price 169.113536 outside candle range [171.342-172.694],0.10
42,2,2,GBP_CAD,BULLISH,4/7,2024-05-15 21:00:00,1.70314362,1.6863050531855672,1.7132467600886598,1.7233499001773196,1.7368207536288658,,,2024-05-27 21:00:00,1.7385888031443812,NO,NO,NO,NO,NO,NO,TP4+Trail,+2.10R,$+4865.81,WIN,1683.9,288.0,NO,Entry price 1.70314362 outside candle range [1.7238-1.72762],0.14
43,2,2,EUR_JPY,BULLISH,4/7,2024-05-16 21:00:00,164.997514,161.5652981329612,167.05684352022328,169.11617304044654,171.86194573407758,,,2024-06-03 21:00:00,168.63566281906114,NO,YES (2024-06-03),NO,NO,NO,NO,TP2+Trail,+1.06R,$+2817.89,WIN,3432.2,432.0,NO,Entry price 164.997514 outside candle range [168.782-169.326],0.12
44,3,1,AUD_USD,BULLISH,4/7,2024-05-20 21:00:00,0.64719722,0.6333571686489178,0.6555012508106494,0.6638052816212987,0.6748773227021645,,,2024-05-22 21:00:00,0.6618676744321472,NO,YES (2024-05-22),NO,NO,NO,NO,TP2+Trail,+1.06R,$+2014.00,WIN,1384.0,48.0,NO,Entry price 0.64719722 outside candle range [0.66465-0.6679],0.14
45,3,1,EUR_CAD,BULLISH,4/7,2024-05-20 21:00:00,1.46595594,1.4552392190472099,1.472385972571674,1.478816005143348,1.4873893819055801,,,2024-05-27 21:00:00,1.4829419427101724,NO,NO,YES (2024-05-27),NO,NO,NO,TP3+Trail,+1.59R,$+3162.08,WIN,1071.7,168.0,NO,Entry price 1.46595594 outside candle range [1.47902-1.48347],0.19
46,3,1,AUD_NZD,BULLISH,4/7,2024-05-21 21:00:00,1.0745811,1.0549006875190783,1.086389347488553,1.0981975949771061,1.1139419249618436,,,2024-06-04 21:00:00,1.0757619247488555,YES (2024-06-04),NO,NO,NO,NO,NO,TP1+Trail,+0.06R,$+125.40,BREAKEVEN,1968.0,336.0,NO,Entry price 1.0745811 outside candle range [1.08581-1.09437],0.11
47,3,1,AUD_CAD,BULLISH,4/7,2024-05-22 21:00:00,0.89128406,0.8756107737777697,0.9006880317333382,0.9100920034666764,0.9226306324444606,,,2024-06-04 21:00:00,0.9078977433955642,NO,YES (2024-06-04),NO,NO,NO,NO,TP2+Trail,+1.06R,$+2215.40,WIN,1567.3,312.0,NO,Entry price 0.89128406 outside candle range [0.90537-0.90866],0.13
48,3,1,EUR_CAD,BULLISH,3/7,2024-05-28 21:00:00,1.46595594,1.4553113043257566,1.472342721404546,1.4787295028090919,1.4872452113484866,,,2024-05-30 21:00:00,1.477239253814698,NO,YES (2024-05-30),NO,NO,NO,NO,TP2+Trail,+1.06R,$+2165.16,WIN,1064.5,48.0,NO,Entry price 1.46595594 outside candle range [1.47918-1.48465],0.19
49,3,1,GBP_CAD,BULLISH,4/7,2024-05-28 21:00:00,1.70314362,1.6866102124096023,1.7130636645542388,1.7229837091084774,1.7362104351807957,,,2024-05-30 21:00:00,1.7379464429777873,NO,NO,NO,NO,NO,NO,TP4+Trail,+2.10R,$+5279.34,WIN,1653.3,48.0,NO,Entry price 1.70314362 outside candle range [1.7408-1.7443],0.15
50,3,1,XAU_USD,BULLISH,3/7,2024-05-29 21:00:00,2256.75878,2128.8046828581673,2333.5312382851,2410.3036965701995,2512.6669742836657,,,2024-07-11 21:00:00,2392.390122970343,NO,YES (2024-07-11),NO,NO,NO,NO,TP2+Trail,+1.06R,$+2259.71,WIN,12795.4,1032.0,NO,Entry price 2256.75878 outside candle range [2322.66-2351.905],0.17
51,3,1,AUD_USD,BULLISH,4/7,2024-05-30 21:00:00,0.64966876,0.6334126057712538,0.6594224525372476,0.6691761450744953,0.6821810684574923,,,2024-06-04 21:00:00,0.6669002834824708,NO,YES (2024-06-04),NO,NO,NO,NO,TP2+Trail,+1.06R,$+2658.48,WIN,1625.6,120.0,NO,Entry price 0.64966876 outside candle range [0.66266-0.66728],0.15
52,3,1,SPX500_USD,BULLISH,3/7,2024-06-03 21:00:00,5090.44,4900.841620860439,5204.199027483735,5317.958054967472,5469.63675827912,,,2024-07-17 21:00:00,5489.544588088774,NO,NO,NO,NO,NO,NO,TP4+Trail,+2.11R,$+4487.44,WIN,18959837.9,1056.0,NO,Entry price 5090.44 outside candle range [5249.4-5302.4],0.00
53,3,2,GBP_CHF,BULLISH,6/7,2024-06-04 21:00:00,1.136231,1.0793998478334985,1.1703296912999008,1.2044283825998017,1.249893304333003,,,2024-08-05 21:00:00,1.0793998478334985,NO,NO,NO,NO,NO,YES (2024-08-05),SL,-1.00R,$-2770.93,LOSS,5683.1,1488.0,YES,Entry price validated against OANDA candle; Exit price validated against OANDA candle,0.05
54,3,2,GBP_JPY,BULLISH,3/7,2024-06-05 21:00:00,194.1005,189.21158590171393,197.03384845897165,199.9671969179433,203.87832819657217,,,2024-06-13 21:00:00,199.28274894418325,NO,YES (2024-06-13),NO,NO,NO,NO,TP2+Trail,+1.06R,$+1728.54,WIN,4888.9,192.0,NO,Entry price 194.1005 outside candle range [198.832-199.94],0.05
55,3,2,AUD_USD,BULLISH,5/7,2024-06-10 21:00:00,0.64966876,0.6333819294687967,0.6594408583187219,0.6692129566374438,0.6822424210624065,,,2024-06-12 21:00:00,0.6669328003630755,NO,YES (2024-06-12),NO,NO,NO,NO,TP2+Trail,+1.06R,$+2729.33,WIN,1628.7,48.0,NO,Entry price 0.64966876 outside candle range [0.65886-0.66136],0.16
56,3,2,EUR_JPY,BULLISH,4/7,2024-06-10 21:00:00,166.607488,163.37978570374344,168.54410937775393,170.48073075550786,173.0628925925131,,,2024-07-10 21:00:00,173.40180133362003,NO,NO,NO,NO,NO,NO,TP4+Trail,+2.11R,$+4935.46,WIN,3227.7,720.0,NO,Entry price 166.607488 outside candle range [168.296-169.424],0.11
57,3,2,EUR_USD,BULLISH,6/7,2024-06-11 21:00:00,1.07512412,1.0617563924074962,1.0831447565555021,1.0911653931110044,1.1018595751850073,,,2024-07-17 21:00:00,1.0892939112480537,NO,YES (2024-07-17),NO,NO,NO,NO,TP2+Trail,+1.06R,$+3377.89,WIN,1336.8,864.0,YES,Entry price validated against OANDA candle; Exit price validated against OANDA candle,0.24
58,3,2,GBP_USD,BULLISH,4/7,2024-06-11 21:00:00,1.2510896200000001,1.2295283228862472,1.2640263982682518,1.2769631765365035,1.2942122142275059,,,2024-06-13 21:00:00,1.273944594940578,NO,YES (2024-06-13),NO,NO,NO,NO,TP2+Trail,+1.06R,$+2982.38,WIN,2156.1,48.0,NO,Entry price 1.2510896200000001 outside candle range [1.27328-1.28606],0.13
59,4,1,EUR_CAD,BULLISH,4/7,2024-06-11 21:00:00,1.47137652,1.4548046212570265,1.481319659245784,1.491262798491568,1.504520317485947,,,2024-06-13 21:00:00,1.4723708339245785,YES (2024-06-13),NO,NO,NO,NO,NO,TP1+Trail,+0.06R,$+114.00,BREAKEVEN,1657.2,48.0,NO,Entry price 1.47137652 outside candle range [1.47637-1.48628],0.11
60,4,1,GBP_CAD,BULLISH,4/7,2024-06-11 21:00:00,1.71125348,1.686414917386234,1.7261566175682599,1.7410597551365194,1.7609306052275324,,,2024-06-19 21:00:00,1.7375823563705923,NO,YES (2024-06-19),NO,NO,NO,NO,TP2+Trail,+1.06R,$+2014.00,WIN,2483.9,192.0,NO,Entry price 1.71125348 outside candle range [1.75112-1.76054],0.08
61,4,1,AUD_CAD,BULLISH,4/7,2024-06-11 21:00:00,0.90518288,0.8950739070840504,0.9112482637495698,0.9173136474991396,0.9254008258318992,,,2024-07-22 21:00:00,0.9158983912909066,NO,YES (2024-07-22),NO,NO,NO,NO,TP2+Trail,+1.06R,$+2114.70,WIN,1010.9,984.0,NO,Entry price 0.90518288 outside candle range [0.90772-0.91827],0.20
62,4,1,AUD_NZD,BULLISH,4/7,2024-06-12 21:00:00,1.08454944,1.0711336801126443,1.0925988959324133,1.1006483518648267,1.1113809597747113,,,2024-07-08 21:00:00,1.098770145480597,NO,YES (2024-07-08),NO,NO,NO,NO,TP2+Trail,+1.06R,$+2215.40,WIN,1341.6,624.0,NO,Entry price 1.08454944 outside candle range [1.07522-1.0783],0.16
63,4,1,AUD_USD,BULLISH,5/7,2024-06-13 21:00:00,0.65603416,0.6435774668523858,0.6635081758885686,0.6709821917771371,0.6809475462952285,,,2024-07-18 21:00:00,0.6692382547364711,NO,YES (2024-07-18),NO,NO,NO,NO,TP2+Trail,+1.06R,$+2930.48,WIN,1245.7,840.0,NO,Entry price 0.65603416 outside candle range [0.65915-0.66416],0.22
64,4,1,GBP_USD,BULLISH,5/7,2024-06-17 21:00:00,1.25337398,1.2295023944537482,1.2676969313277513,1.2820198826555025,1.301117151092504,,,2024-07-09 21:00:00,1.2786778606790272,NO,YES (2024-07-09),NO,NO,NO,NO,TP2+Trail,+1.06R,$+3057.25,WIN,2387.2,528.0,NO,Entry price 1.25337398 outside candle range [1.26692-1.27208],0.12
65,4,1,GBP_JPY,BULLISH,3/7,2024-06-17 21:00:00,194.293316,189.53345390634507,197.14923325619296,200.0051505123859,203.81304018730987,,,2024-07-08 21:00:00,204.31282570714365,NO,NO,NO,NO,NO,NO,TP4+Trail,+2.10R,$+4487.44,WIN,4759.9,504.0,NO,Entry price 194.293316 outside candle range [200.022-200.85],0.07
66,4,1,GBP_CAD,BULLISH,5/7,2024-06-27 21:00:00,1.72978,1.7044372610230873,1.7449856433861477,1.7601912867722953,1.7804654779538256,,,2024-07-18 21:00:00,1.7699482412784067,NO,NO,YES (2024-07-18),NO,NO,NO,TP3+Trail,+1.58R,$+4571.46,WIN,2534.3,504.0,YES,Entry price validated against OANDA candle; Exit price validated against OANDA candle,0.11
67,4,2,EUR_CAD,BULLISH,5/7,2024-07-01 21:00:00,1.4717844,1.4553942258795225,1.4816185044722865,1.491452608944573,1.504564748240955,,,2024-07-31 21:00:00,1.489157984567706,NO,YES (2024-07-31),NO,NO,NO,NO,TP2+Trail,+1.06R,$+2565.14,WIN,1639.0,720.0,NO,Entry price validated against OANDA candle; Exit price 1.489157984567706 outside candle range [1.48954-1.4979],0.15
68,4,2,GBP_JPY,BULLISH,4/7,2024-07-10 21:00:00,195.285118,190.62634336729207,198.08038277962478,200.87564755924956,204.6026672654159,,,2024-07-16 21:00:00,202.66927579284211,NO,NO,YES (2024-07-16),NO,NO,NO,TP3+Trail,+1.59R,$+3502.07,WIN,4658.8,144.0,NO,Entry price 195.285118 outside candle range [203.846-208.12],0.07
69,4,2,AUD_NZD,BULLISH,4/7,2024-07-10 21:00:00,1.0812375,1.0708986824126234,1.0874407905524262,1.093644081104852,1.1019151351747534,,,2024-07-16 21:00:00,1.103000711021428,NO,NO,NO,NO,NO,NO,TP4+Trail,+2.11R,$+4872.49,WIN,1033.9,144.0,NO,Entry price 1.0812375 outside candle range [1.10776-1.11014],0.22
70,4,2,CHF_JPY,BULLISH,3/7,2024-07-15 21:00:00,171.85060000000001,166.18782816646143,175.24826310012315,178.64592620024632,183.17614366707718,,,2024-07-30 21:00:00,172.19036631001234,YES (2024-07-30),NO,NO,NO,NO,NO,TP1+Trail,+0.06R,$+135.73,BREAKEVEN,5662.8,360.0,NO,Entry price 171.85060000000001 outside candle range [176.405-177.342],0.06
71,4,2,XAU_USD,BULLISH,3/7,2024-07-15 21:00:00,2337.1852999999996,2259.628290278507,2383.7195058328953,2430.253711665791,2492.299319442985,,,2024-07-18 21:00:00,2419.3957303047823,NO,YES (2024-07-18),NO,NO,NO,NO,TP2+Trail,+1.06R,$+2397.96,WIN,7755.7,72.0,NO,Entry price 2337.1852999999996 outside candle range [2420.08-2469.765],0.29
72,4,2,GBP_USD,BULLISH,3/7,2024-07-18 21:00:00,1.26041918,1.2411648025663313,1.2719718064602012,1.2835244329204023,1.2989279348673373,,,2024-07-31 21:00:00,1.280828820079689,NO,YES (2024-07-31),NO,NO,NO,NO,TP2+Trail,+1.06R,$+2502.68,WIN,1925.4,312.0,NO,Entry price 1.26041918 outside candle range [1.2901-1.29576],0.12
73,5,1,EUR_USD,BULLISH,3/7,2024-07-22 21:00:00,1.07738004,1.064128678186261,1.0853308570882434,1.0932816741764868,1.1038827636274782,,,2024-08-06 21:00:00,1.0914264835225636,NO,YES (2024-08-06),NO,NO,NO,NO,TP2+Trail,+1.06R,$+1711.90,WIN,1325.1,360.0,NO,Entry price 1.07738004 outside candle range [1.08439-1.08968],0.12
74,5,1,AUD_USD,BULLISH,5/7,2024-07-22 21:00:00,0.6662887200000001,0.6555260564808559,0.6727463181114866,0.679203916222973,0.6878140470382883,,,2024-07-24 21:00:00,0.6555260564808559,NO,NO,NO,NO,NO,YES (2024-07-24),SL,-1.00R,$-2295.20,LOSS,1076.3,48.0,NO,Entry price 0.6662887200000001 outside candle range [0.66113-0.66461],0.21
75,5,1,GBP_CAD,BULLISH,3/7,2024-07-22 21:00:00,1.73657068,1.7041505663327714,1.7560227482003372,1.7754748164006744,1.8014109073344573,,,2024-07-30 21:00:00,1.7709360004872623,NO,YES (2024-07-30),NO,NO,NO,NO,TP2+Trail,+1.06R,$+1540.82,WIN,3242.0,192.0,NO,Entry price 1.73657068 outside candle range [1.77396-1.77986],0.04
76,5,1,GBP_NZD,BULLISH,3/7,2024-07-22 21:00:00,2.0718550799999997,2.0545603593616906,2.0822319123829853,2.092608744765971,2.106444521276618,,,2024-07-23 21:00:00,2.1160430912308796,NO,NO,NO,NO,NO,NO,TP5,+2.55R,$+4330.21,WIN,1729.5,24.0,NO,Entry price 2.0718550799999997 outside candle range [2.16161-2.1691],0.10
77,5,1,XAU_USD,BULLISH,4/7,2024-07-22 21:00:00,2356.1878899999997,2259.632969430561,2414.120842341663,2472.053794683326,2549.297731138877,,,2024-07-24 21:00:00,2361.981185234166,YES (2024-07-24),NO,NO,NO,NO,NO,TP1+Trail,+0.06R,$+125.40,BREAKEVEN,9655.5,48.0,NO,Entry price 2356.1878899999997 outside candle range [2388.31-2412.075],0.22
78,5,1,AUD_CAD,BULLISH,4/7,2024-07-23 21:00:00,0.91253324,0.902289251496369,0.9186796331021787,0.9248260262043573,0.9330212170072621,,,2024-07-24 21:00:00,0.902289251496369,NO,NO,NO,NO,NO,YES (2024-07-24),SL,-1.00R,$-2090.00,LOSS,1024.4,24.0,NO,Entry price 0.91253324 outside candle range [0.90839-0.91198],0.20
79,5,1,SPX500_USD,BULLISH,5/7,2024-07-23 21:00:00,5379.2486,5160.6248822244615,5510.422830665323,5641.597061330646,5816.496035551077,,,2024-08-01 21:00:00,5392.366023066532,YES (2024-08-01),NO,NO,NO,NO,NO,TP1+Trail,+0.06R,$+118.00,BREAKEVEN,21862371.8,216.0,NO,Entry price 5379.2486 outside candle range [5428.6-5547.6],0.00
80,5,1,AUD_NZD,BULLISH,3/7,2024-07-24 21:00:00,1.08934736,1.070740245359896,1.1005116287840626,1.1116758975681251,1.1265615892802083,,,2024-07-29 21:00:00,1.1090709015185105,NO,YES (2024-07-29),NO,NO,NO,NO,TP2+Trail,+1.06R,$+1540.82,WIN,1860.7,120.0,NO,Entry price 1.08934736 outside candle range [1.1037-1.11138],0.08
81,5,1,GBP_NZD,BULLISH,3/7,2024-07-25 21:00:00,2.0718550799999997,2.054745730509342,2.0821206896943942,2.092386299388789,2.1060737789813153,,,2024-07-29 21:00:00,2.1155694679486303,NO,NO,NO,NO,NO,NO,TP5,+2.55R,$+4330.21,WIN,1710.9,96.0,NO,Entry price 2.0718550799999997 outside candle range [2.17875-2.18648],0.10
82,5,1,XAU_USD,BULLISH,4/7,2024-07-25 21:00:00,2356.1878899999997,2259.2352373684193,2414.359481578948,2472.531073157896,2550.0931952631604,,,2024-08-05 21:00:00,2458.957701789475,NO,YES (2024-08-05),NO,NO,NO,NO,TP2+Trail,+1.06R,$+2436.94,WIN,9695.3,264.0,NO,Entry price validated against OANDA candle; Exit price 2458.957701789475 outside candle range [2381.56-2418.43],0.24
83,5,1,EUR_JPY,BULLISH,4/7,2024-07-29 21:00:00,170.423436,166.47382531047586,172.7932024137145,175.16296882742898,178.3226573790483,,,2024-07-30 21:00:00,166.47382531047586,NO,NO,NO,NO,NO,YES (2024-07-30),SL,-1.00R,$-2403.60,LOSS,3949.6,24.0,NO,Entry price 170.423436 outside candle range [165.084-167.956],0.09
84,5,1,GBP_JPY,BULLISH,5/7,2024-07-29 21:00:00,197.76850000000002,190.36456007603832,202.21086395437703,206.65322790875405,212.57637984792342,,,2024-07-31 21:00:00,190.36456007603832,NO,NO,NO,NO,NO,YES (2024-07-31),SL,-1.00R,$-2164.20,LOSS,7403.9,48.0,YES,Entry price validated against OANDA candle; Exit price validated against OANDA candle,0.04
85,5,1,AUD_NZD,BULLISH,4/7,2024-07-30 21:00:00,1.08934736,1.0704253349328323,1.1007005750403007,1.1120537900806013,1.1271914101343357,,,2024-08-06 21:00:00,1.0904826815040303,YES (2024-08-06),NO,NO,NO,NO,NO,TP1+Trail,+0.06R,$+100.32,BREAKEVEN,1892.2,168.0,NO,Entry price 1.08934736 outside candle range [1.09671-1.10862],0.09
86,5,1,GBP_JPY,BULLISH,3/7,2024-08-01 21:00:00,197.76850000000002,190.18343111773186,202.3195413293609,206.87058265872182,212.93863776453634,,,2024-08-05 21:00:00,190.18343111773186,NO,NO,NO,NO,NO,YES (2024-08-05),SL,-1.00R,$-1421.20,LOSS,7585.1,96.0,NO,Entry price 197.76850000000002 outside candle range [187.388-190.52],0.03
87,5,1,SPX500_USD,BULLISH,3/7,2024-08-05 21:00:00,5506.2476,5354.187454839606,5597.483687096235,5688.719774192472,5810.3678903207865,,,2024-08-06 21:00:00,5354.187454839606,NO,NO,NO,NO,NO,YES (2024-08-06),SL,-1.00R,$-1130.60,LOSS,15206014.5,24.0,NO,Entry price 5506.2476 outside candle range [5198.6-5318.9],0.00
88,5,1,AUD_USD,BULLISH,4/7,2024-08-06 21:00:00,0.6662887200000001,0.6419141193775957,0.6809134803734427,0.6955382407468853,0.7150379212448088,,,2024-09-05 21:00:00,0.6677511960373443,YES (2024-09-05),NO,NO,NO,NO,NO,TP1+Trail,+0.06R,$+68.40,BREAKEVEN,2437.5,720.0,NO,Entry price 0.6662887200000001 outside candle range [0.65095-0.65748],0.05
89,5,1,EUR_CAD,BULLISH,3/7,2024-08-06 21:00:00,1.47582596,1.454961353424786,1.4883447239451286,1.500863487890257,1.5175551731504282,,,2024-08-08 21:00:00,1.497942442969727,NO,YES (2024-08-08),NO,NO,NO,NO,TP2+Trail,+1.06R,$+1027.14,WIN,2086.5,48.0,NO,Entry price 1.47582596 outside candle range [1.49942-1.50678],0.05
90,5,1,GBP_CAD,BULLISH,6/7,2024-08-06 21:00:00,1.74933566,1.7221659327381806,1.7656374963570918,1.7819393327141835,1.803675114523639,,,2024-08-26 21:00:00,1.7781355708975286,NO,YES (2024-08-26),NO,NO,NO,NO,TP2+Trail,+1.06R,$+2749.22,WIN,2717.0,480.0,YES,Entry price validated against OANDA candle; Exit price validated against OANDA candle,0.10
91,5,1,AUD_CAD,BULLISH,4/7,2024-08-06 21:00:00,0.91253324,0.9018873694170852,0.9189207623497488,0.9253082846994978,0.9338249811658296,,,2024-08-07 21:00:00,0.9018873694170852,NO,NO,NO,NO,NO,YES (2024-08-07),SL,-1.00R,$-2299.00,LOSS,1064.6,24.0,NO,Entry price 0.91253324 outside candle range [0.89568-0.90377],0.22
92,5,1,XAU_USD,BULLISH,6/7,2024-08-06 21:00:00,2362.04962,2267.0766571628083,2419.0333977023147,2476.0171754046296,2551.995545674383,,,2024-08-13 21:00:00,2462.720960607423,NO,YES (2024-08-13),NO,NO,NO,NO,TP2+Trail,+1.06R,$+2592.12,WIN,9497.3,168.0,NO,Entry price 2362.04962 outside candle range [2379.05-2407.125],0.26
93,5,1,GBP_USD,BULLISH,6/7,2024-08-07 21:00:00,1.26745562,1.240824939971633,1.2834340280170202,1.2994124360340404,1.3207169800567342,,,2024-08-29 21:00:00,1.309665247844962,NO,NO,YES (2024-08-29),NO,NO,NO,TP3+Trail,+1.59R,$+4523.27,WIN,2663.1,528.0,NO,Entry price validated against OANDA candle; Exit price 1.309665247844962 outside candle range [1.31098-1.32],0.11
94,5,1,EUR_JPY,BULLISH,4/7,2024-08-07 21:00:00,170.423436,166.27676027015912,172.91144143790456,175.39944687580908,178.7167874596818,,,2024-08-08 21:00:00,166.27676027015912,NO,NO,NO,NO,NO,YES (2024-08-08),SL,-1.00R,$-2299.00,LOSS,4146.7,24.0,NO,Entry price 170.423436 outside candle range [158.959-160.892],0.08
95,5,1,GBP_JPY,BULLISH,4/7,2024-08-07 21:00:00,197.76850000000002,189.98421070177,202.43907357893804,207.10964715787605,213.33707859646006,,,2024-08-08 21:00:00,189.98421070177,NO,NO,NO,NO,NO,YES (2024-08-08),SL,-1.00R,$-1881.00,LOSS,7784.3,24.0,NO,Entry price 197.76850000000002 outside candle range [184.482-187.888],0.04
96,5,1,GBP_NZD,BULLISH,4/7,2024-08-07 21:00:00,2.10989082,2.0531935431537107,2.1439091861077735,2.177927552215547,2.2232853736925784,,,2024-08-28 21:00:00,2.1132926566107773,YES (2024-08-28),NO,NO,NO,NO,NO,TP1+Trail,+0.06R,$+100.32,BREAKEVEN,5669.7,504.0,NO,Entry price 2.10989082 outside candle range [2.11239-2.12484],0.03
97,5,1,AUD_NZD,BULLISH,4/7,2024-08-07 21:00:00,1.08934736,1.0699721536845066,1.1009724837892962,1.1125976075785924,1.128097772630987,,,2024-08-26 21:00:00,1.0905098723789297,YES (2024-08-26),NO,NO,NO,NO,NO,TP1+Trail,+0.06R,$+100.32,BREAKEVEN,1937.5,456.0,YES,Entry price validated against OANDA candle; Exit price validated against OANDA candle,0.09
98,5,1,CHF_JPY,BULLISH,5/7,2024-08-07 21:00:00,171.85060000000001,165.8671268423573,175.44068389458565,179.03076778917128,183.81754631528545,,,2024-09-12 21:00:00,165.8671268423573,NO,NO,NO,NO,NO,YES (2024-09-12),SL,-1.00R,$-1922.80,LOSS,5983.5,864.0,NO,Entry price 171.85060000000001 outside candle range [169.596-170.862],0.05
99,5,1,EUR_CAD,BULLISH,3/7,2024-08-12 21:00:00,1.48005852,1.4550522862515507,1.4950622602490697,1.5100660004981392,1.5300709874968987,,,2024-08-14 21:00:00,1.5065651277733565,NO,YES (2024-08-14),NO,NO,NO,NO,TP2+Trail,+1.06R,$+1317.16,WIN,2500.6,48.0,NO,Entry price 1.48005852 outside candle range [1.49928-1.50822],0.05
100,5,1,AUD_CAD,BULLISH,6/7,2024-08-12 21:00:00,0.91253324,0.9016767494931983,0.919047134304081,0.925561028608162,0.9342462210136034,,,2024-08-21 21:00:00,0.9131846294304081,YES (2024-08-21),NO,NO,NO,NO,NO,TP1+Trail,+0.06R,$+171.23,BREAKEVEN,1085.6,216.0,NO,Entry price 0.91253324 outside candle range [0.90438-0.91007],0.26
101,5,1,EUR_JPY,BULLISH,5/7,2024-08-13 21:00:00,164.222424,156.2746675705319,168.99107785768084,173.75973171536168,180.11793685893616,,,2024-09-10 21:00:00,156.2746675705319,NO,NO,NO,NO,NO,YES (2024-09-10),SL,-1.00R,$-2523.20,LOSS,7947.8,672.0,NO,Entry price 164.222424 outside candle range [160.586-162.593],0.05
102,5,1,SPX500_USD,BULLISH,5/7,2024-08-13 21:00:00,5358.2984,5111.976431267034,5506.091581239779,5653.884762479558,5850.942337465931,,,2024-09-03 21:00:00,5619.399686856943,NO,YES (2024-09-03),NO,NO,NO,NO,TP2+Trail,+1.06R,$+2294.05,WIN,24632196.9,504.0,NO,Entry price 5358.2984 outside candle range [5418.9-5468.1],0.00
103,5,1,EUR_CAD,BULLISH,3/7,2024-08-19 21:00:00,1.48005852,1.455091771856272,1.4950385688862369,1.5100186177724737,1.5299920162874563,,,2024-08-26 21:00:00,1.506523273032352,NO,YES (2024-08-26),NO,NO,NO,NO,TP2+Trail,+1.06R,$+1977.75,WIN,2496.7,168.0,NO,Entry price 1.48005852 outside candle range [1.5077-1.51592],0.07
104,5,1,XAU_USD,BULLISH,3/7,2024-08-19 21:00:00,2366.2891,2273.60031264226,2421.9023724146437,2477.515644829288,2551.6666747154795,,,2024-09-18 21:00:00,2561.398997388042,NO,NO,NO,NO,NO,NO,TP4+Trail,+2.10R,$+4115.70,WIN,9268.9,720.0,NO,Entry price 2366.2891 outside candle range [2497.4-2531.765],0.21
105,5,1,AUD_CAD,BULLISH,4/7,2024-08-22 21:00:00,0.9066437,0.8921044340197504,0.9153672595881499,0.9240908191762996,0.9357222319604994,,,2024-09-03 21:00:00,0.907516055958815,YES (2024-09-03),NO,NO,NO,NO,NO,TP1+Trail,+0.06R,$+144.22,BREAKEVEN,1453.9,288.0,NO,Entry price 0.9066437 outside candle range [0.91206-0.9185],0.17
106,5,1,EUR_CAD,BULLISH,4/7,2024-08-27 21:00:00,1.48123508,1.4550610283900138,1.4969395109659918,1.5126439419319835,1.5335831832199724,,,2024-09-18 21:00:00,1.5089795747065855,NO,YES (2024-09-18),NO,NO,NO,NO,TP2+Trail,+1.06R,$+2547.82,WIN,2617.4,528.0,NO,Entry price 1.48123508 outside candle range [1.49631-1.50416],0.09
107,5,1,GBP_CAD,BULLISH,3/7,2024-08-28 21:00:00,1.74996978,1.7225955376803523,1.7663943253917886,1.7828188707835773,1.8047182646392954,,,2024-09-09 21:00:00,1.7789864768588266,NO,YES (2024-09-09),NO,NO,NO,NO,TP2+Trail,+1.06R,$+2259.71,WIN,2737.4,288.0,NO,Entry price 1.74996978 outside candle range [1.77117-1.77961],0.08
108,5,1,EUR_USD,BULLISH,3/7,2024-09-03 21:00:00,1.08703318,1.0634919253727753,1.1011579327763348,1.1152826855526696,1.1341156892544493,,,2024-09-09 21:00:00,1.111986909904858,NO,YES (2024-09-09),NO,NO,NO,NO,TP2+Trail,+1.06R,$+2259.71,WIN,2354.1,144.0,NO,Entry price 1.08703318 outside candle range [1.10396-1.10952],0.09
109,5,2,GBP_USD,BULLISH,3/7,2024-09-03 21:00:00,1.28625516,1.25717725570995,1.30370190257403,1.32114864514806,1.3444109685801,,,2024-09-09 21:00:00,1.317077738547453,NO,YES (2024-09-09),NO,NO,NO,NO,TP2+Trail,+1.06R,$+1900.66,WIN,2907.8,144.0,NO,Entry price 1.28625516 outside candle range [1.3101-1.31755],0.06
110,5,2,GBP_JPY,BULLISH,5/7,2024-09-05 21:00:00,186.854,181.68013489813143,189.95831906112116,193.0626381222423,197.20173020373718,,,2024-09-24 21:00:00,192.33829700798069,NO,YES (2024-09-24),NO,NO,NO,NO,TP2+Trail,+1.06R,$+2701.18,WIN,5173.9,456.0,YES,Entry price validated against OANDA candle; Exit price validated against OANDA candle,0.07
111,5,2,AUD_CAD,BULLISH,7/7,2024-09-05 21:00:00,0.90526,0.8921137419654221,0.9131477548207466,0.9210355096414933,0.9315525160691556,,,2024-09-18 21:00:00,0.9191950335166524,NO,YES (2024-09-18),NO,NO,NO,NO,TP2+Trail,+1.06R,$+3530.64,WIN,1314.6,312.0,YES,Entry price validated against OANDA candle; Exit price validated against OANDA candle,0.25
112,5,2,AUD_USD,BULLISH,4/7,2024-09-10 21:00:00,0.6606673000000001,0.6443378028217887,0.670464998306927,0.6802626966138537,0.6933262943564229,,,2024-09-18 21:00:00,0.6779765670089043,NO,YES (2024-09-18),NO,NO,NO,NO,TP2+Trail,+1.06R,$+2828.75,WIN,1632.9,192.0,NO,Entry price 0.6606673000000001 outside candle range [0.66222-0.6676],0.16
113,5,2,EUR_USD,BULLISH,4/7,2024-09-11 21:00:00,1.08703318,1.0634372612740113,1.101190731235593,1.1153482824711862,1.1342250174519772,,,2024-09-18 21:00:00,1.1120448538495478,NO,YES (2024-09-18),NO,NO,NO,NO,TP2+Trail,+1.06R,$+2951.62,WIN,2359.6,168.0,NO,Entry price 1.08703318 outside candle range [1.10055-1.10751],0.12
114,6,1,GBP_USD,BULLISH,5/7,2024-09-11 21:00:00,1.28625516,1.257001962703997,1.303807078377602,1.3213589967552037,1.3447615545920062,,,2024-09-17 21:00:00,1.3172635491337632,NO,YES (2024-09-17),NO,NO,NO,NO,TP2+Trail,+1.06R,$+2316.10,WIN,2925.3,144.0,NO,Entry price 1.28625516 outside candle range [1.30322-1.31272],0.07
115,6,1,EUR_JPY,BULLISH,4/7,2024-09-11 21:00:00,164.222424,156.44988465324076,168.88594760805552,173.54947121611107,179.76750269351845,,,2024-09-12 21:00:00,156.44988465324076,NO,NO,NO,NO,NO,YES (2024-09-12),SL,-1.00R,$-1995.00,LOSS,7772.5,24.0,NO,Entry price 164.222424 outside candle range [156.533-157.516],0.04
116,6,1,GBP_CAD,BULLISH,4/7,2024-09-11 21:00:00,1.75846728,1.7361418600327365,1.7718625319803583,1.7852577839607164,1.8031181199345272,,,2024-09-24 21:00:00,1.7938530706481128,NO,NO,YES (2024-09-24),NO,NO,NO,TP3+Trail,+1.59R,$+2710.35,WIN,2232.5,312.0,NO,Entry price 1.75846728 outside candle range [1.76938-1.78253],0.08
117,6,1,EUR_USD,BULLISH,3/7,2024-09-19 21:00:00,1.0939177,1.0744559512781346,1.1055947492331193,1.1172717984662384,1.1328411974437307,,,2024-09-24 21:00:00,1.1145471536451772,NO,YES (2024-09-24),NO,NO,NO,NO,TP2+Trail,+1.06R,$+1796.49,WIN,1946.2,120.0,NO,Entry price 1.0939177 outside candle range [1.11361-1.1182],0.09
